Veiculo;Categoria;data;ano;mês;nome do mês;nome do dia;Investimento;Leads;Sessoes;Impressoes;CPL
Google Search;Institucional;01/01/2020;2020;1;jan;quarta-feira;926,96;30;5543;57000;30,89866667
Google Search;Institucional;02/01/2020;2020;1;jan;quinta-feira;939,78;46;6632;44997;20,43
Google Search;Institucional;03/01/2020;2020;1;jan;sexta-feira;926,29;0;0;49519;0
Facebook Ads;Promocional;01/01/2020;2020;1;jan;quarta-feira;1048,81;60;9323;38373;17,48
Instagram Ads;Promocional;02/01/2020;2020;1;jan;quinta-feira;1215,19;25;3576;51648;48,61
Instagram Ads;Institucional;03/01/2020;2020;1;jan;sexta-feira;1102,76;14;4005;14514;78,77
LinkedIn Ads;Institucional;04/01/2020;2020;1;jan;sábado;1044,88;61;9742;21197;17,13
Instagram Ads;Institucional;05/01/2020;2020;1;jan;domingo;923,65;53;676;85457;17,43
Google Search;Institucional;06/01/2020;2020;1;jan;segunda-feira;1145,89;81;8178;37830;14,15
Google Search;Promocional;07/01/2020;2020;1;jan;terça-feira;937,59;29;303;59297;32,33
Facebook Ads;Institucional;08/01/2020;2020;1;jan;quarta-feira;1391,77;70;2981;16708;19,88
LinkedIn Ads;Promocional;09/01/2020;2020;1;jan;quinta-feira;1463,66;28;6956;51101;52,27
Instagram Ads;Institucional;10/01/2020;2020;1;jan;sexta-feira;883,44;74;5701;96033;11,94
Facebook Ads;Promocional;11/01/2020;2020;1;jan;sábado;1291,73;5;8552;46639;258,35
LinkedIn Ads;Institucional;12/01/2020;2020;1;jan;domingo;1028,89;84;494;93477;12,25
Google Search;Institucional;13/01/2020;2020;1;jan;segunda-feira;1068,04;55;1802;14322;19,42
LinkedIn Ads;Institucional;14/01/2020;2020;1;jan;terça-feira;1425,6;50;3589;50557;28,51
Google Search;Institucional;15/01/2020;2020;1;jan;quarta-feira;571,04;86;7063;42325;6,64
LinkedIn Ads;Promocional;16/01/2020;2020;1;jan;quinta-feira;587,13;53;7087;10943;11,08
LinkedIn Ads;Institucional;17/01/2020;2020;1;jan;sexta-feira;520,22;10;9795;25602;52,02
Google Search;Promocional;18/01/2020;2020;1;jan;sábado;1332,62;43;7334;93110;30,99
Instagram Ads;Institucional;19/01/2020;2020;1;jan;domingo;1278,16;59;7152;23148;21,66
Google Search;Institucional;20/01/2020;2020;1;jan;segunda-feira;1370,01;30;6238;40822;45,67
LinkedIn Ads;Promocional;21/01/2020;2020;1;jan;terça-feira;1478,62;59;7632;53770;25,06
Google Search;Institucional;22/01/2020;2020;1;jan;quarta-feira;1299,16;14;7445;84992;92,8
Facebook Ads;Institucional;23/01/2020;2020;1;jan;quinta-feira;961,48;48;5089;91799;20,03
Facebook Ads;Institucional;24/01/2020;2020;1;jan;sexta-feira;1280,53;56;3127;80211;22,87
Facebook Ads;Institucional;25/01/2020;2020;1;jan;sábado;618,27;65;1354;61221;9,51
Facebook Ads;Institucional;26/01/2020;2020;1;jan;domingo;1139,92;7;9247;87113;162,85
Google Search;Promocional;27/01/2020;2020;1;jan;segunda-feira;643,35;69;595;56042;9,32
Google Search;Institucional;28/01/2020;2020;1;jan;terça-feira;1444,67;15;4243;12370;96,31
Instagram Ads;Promocional;29/01/2020;2020;1;jan;quarta-feira;1021,85;52;2835;54764;19,65
Google Search;Institucional;30/01/2020;2020;1;jan;quinta-feira;914,66;32;2855;35632;28,58
Facebook Ads;Institucional;31/01/2020;2020;1;jan;sexta-feira;764,56;87;6055;47792;8,79
Instagram Ads;Institucional;01/02/2020;2020;2;fev;sábado;1274,23;78;609;85367;16,34
Instagram Ads;Institucional;02/02/2020;2020;2;fev;domingo;956,15;34;438;72609;28,12
LinkedIn Ads;Promocional;03/02/2020;2020;2;fev;segunda-feira;1068,43;29;9338;45427;36,84
Google Search;Promocional;04/02/2020;2020;2;fev;terça-feira;518,79;51;6334;49510;10,17
Google Search;Institucional;05/02/2020;2020;2;fev;quarta-feira;1117,64;89;6348;98182;12,56
Instagram Ads;Institucional;06/02/2020;2020;2;fev;quinta-feira;1112,1;53;80;14417;20,98
LinkedIn Ads;Promocional;07/02/2020;2020;2;fev;sexta-feira;1116,93;4;2558;16845;279,23
Instagram Ads;Promocional;08/02/2020;2020;2;fev;sábado;1443,75;64;9350;79867;22,56
Instagram Ads;Promocional;09/02/2020;2020;2;fev;domingo;1181,82;26;4909;36858;45,45
Google Search;Institucional;10/02/2020;2020;2;fev;segunda-feira;859,51;84;6650;79828;10,23
Facebook Ads;Institucional;11/02/2020;2020;2;fev;terça-feira;937,03;5;9886;42787;187,41
LinkedIn Ads;Institucional;12/02/2020;2020;2;fev;quarta-feira;1197,63;88;4789;85762;13,61
Instagram Ads;Promocional;13/02/2020;2020;2;fev;quinta-feira;560,23;17;602;18181;32,95
Google Search;Institucional;14/02/2020;2020;2;fev;sexta-feira;1166,77;68;5522;61959;17,16
LinkedIn Ads;Promocional;15/02/2020;2020;2;fev;sábado;1170,64;56;3206;51613;20,9
Instagram Ads;Promocional;16/02/2020;2020;2;fev;domingo;710,38;32;8824;84583;22,2
Google Search;Promocional;17/02/2020;2020;2;fev;segunda-feira;628,93;81;5250;15478;7,76
LinkedIn Ads;Promocional;18/02/2020;2020;2;fev;terça-feira;815,43;72;3226;91077;11,33
Google Search;Promocional;19/02/2020;2020;2;fev;quarta-feira;863,71;73;6382;39259;11,83
Google Search;Institucional;20/02/2020;2020;2;fev;quinta-feira;1070,2;31;2779;77880;34,52
Google Search;Institucional;21/02/2020;2020;2;fev;sexta-feira;938,6;94;2622;76051;9,99
Instagram Ads;Promocional;22/02/2020;2020;2;fev;sábado;1488,37;73;3129;67847;20,39
Facebook Ads;Institucional;23/02/2020;2020;2;fev;domingo;602,04;48;2341;99789;12,54
Instagram Ads;Promocional;24/02/2020;2020;2;fev;segunda-feira;708,88;99;5037;61143;7,16
Instagram Ads;Institucional;25/02/2020;2020;2;fev;terça-feira;661,31;32;3477;30270;20,67
Facebook Ads;Institucional;26/02/2020;2020;2;fev;quarta-feira;1153,11;14;107;23701;82,36
Google Search;Institucional;27/02/2020;2020;2;fev;quinta-feira;753,29;61;8696;69408;12,35
Facebook Ads;Institucional;28/02/2020;2020;2;fev;sexta-feira;966,31;87;4933;70786;11,11
Instagram Ads;Institucional;29/02/2020;2020;2;fev;sábado;744,43;32;5113;95596;23,26
Google Search;Promocional;01/03/2020;2020;3;mar;domingo;658,97;56;5145;31070;11,77
Instagram Ads;Institucional;02/03/2020;2020;3;mar;segunda-feira;610,38;28;268;29896;21,8
LinkedIn Ads;Promocional;03/03/2020;2020;3;mar;terça-feira;1156,33;43;2886;98582;26,89
Google Search;Promocional;04/03/2020;2020;3;mar;quarta-feira;638,18;97;8957;52755;6,58
LinkedIn Ads;Institucional;05/03/2020;2020;3;mar;quinta-feira;696,58;50;73;58620;13,93
Instagram Ads;Institucional;06/03/2020;2020;3;mar;sexta-feira;868,73;46;6728;11339;18,89
Google Search;Institucional;07/03/2020;2020;3;mar;sábado;1320,99;72;4570;38262;18,35
Instagram Ads;Institucional;08/03/2020;2020;3;mar;domingo;597,1;37;5264;51984;16,14
LinkedIn Ads;Promocional;09/03/2020;2020;3;mar;segunda-feira;1337,94;2;1375;50651;668,97
Google Search;Institucional;10/03/2020;2020;3;mar;terça-feira;596,1;17;8030;92854;35,06
Facebook Ads;Promocional;11/03/2020;2020;3;mar;quarta-feira;1476,46;15;4862;61059;98,43
Instagram Ads;Institucional;12/03/2020;2020;3;mar;quinta-feira;968,65;67;3301;23972;14,46
Facebook Ads;Promocional;13/03/2020;2020;3;mar;sexta-feira;1476,76;85;2342;73992;17,37
Google Search;Promocional;14/03/2020;2020;3;mar;sábado;1104,85;93;1200;42656;11,88
Google Search;Institucional;15/03/2020;2020;3;mar;domingo;1239,26;22;1724;14928;56,33
Facebook Ads;Promocional;16/03/2020;2020;3;mar;segunda-feira;539,19;82;518;70539;6,58
Google Search;Promocional;17/03/2020;2020;3;mar;terça-feira;782,81;7;631;62293;111,83
LinkedIn Ads;Institucional;18/03/2020;2020;3;mar;quarta-feira;620,2;55;8705;26445;11,28
Google Search;Promocional;19/03/2020;2020;3;mar;quinta-feira;796,14;49;9407;73783;16,25
Google Search;Institucional;20/03/2020;2020;3;mar;sexta-feira;618,73;26;9853;31819;23,8
LinkedIn Ads;Promocional;21/03/2020;2020;3;mar;sábado;817,98;4;1301;59360;204,5
Facebook Ads;Promocional;22/03/2020;2020;3;mar;domingo;914,26;89;814;18665;10,27
Instagram Ads;Institucional;23/03/2020;2020;3;mar;segunda-feira;564,15;26;9984;67849;21,7
LinkedIn Ads;Promocional;24/03/2020;2020;3;mar;terça-feira;1192,47;60;3236;30446;19,87
Instagram Ads;Promocional;25/03/2020;2020;3;mar;quarta-feira;1066,6;83;1684;74795;12,85
LinkedIn Ads;Institucional;26/03/2020;2020;3;mar;quinta-feira;765,39;78;7399;33755;9,81
Instagram Ads;Promocional;27/03/2020;2020;3;mar;sexta-feira;1023,25;18;5666;66296;56,85
Google Search;Promocional;28/03/2020;2020;3;mar;sábado;593,94;96;1950;84688;6,19
Google Search;Promocional;29/03/2020;2020;3;mar;domingo;1075,95;91;2788;96305;11,82
Facebook Ads;Promocional;30/03/2020;2020;3;mar;segunda-feira;1429,3;36;1609;59038;39,7
LinkedIn Ads;Institucional;31/03/2020;2020;3;mar;terça-feira;818,57;20;5684;96704;40,93
Facebook Ads;Institucional;01/04/2020;2020;4;abr;quarta-feira;1167,41;3;919;86194;389,14
Facebook Ads;Institucional;02/04/2020;2020;4;abr;quinta-feira;631,8;18;9515;10946;35,1
Facebook Ads;Promocional;03/04/2020;2020;4;abr;sexta-feira;1216,33;77;8106;78907;15,8
Google Search;Institucional;04/04/2020;2020;4;abr;sábado;789,41;51;653;48519;15,48
LinkedIn Ads;Institucional;05/04/2020;2020;4;abr;domingo;683,19;49;504;40758;13,94
LinkedIn Ads;Institucional;06/04/2020;2020;4;abr;segunda-feira;1086,51;31;367;50746;35,05
LinkedIn Ads;Promocional;07/04/2020;2020;4;abr;terça-feira;520,11;97;9209;99830;5,36
LinkedIn Ads;Institucional;08/04/2020;2020;4;abr;quarta-feira;1328,94;18;8969;31653;73,83
Facebook Ads;Institucional;09/04/2020;2020;4;abr;quinta-feira;504,7;12;3227;99434;42,06
LinkedIn Ads;Promocional;10/04/2020;2020;4;abr;sexta-feira;1177,82;91;997;96435;12,94
Facebook Ads;Institucional;11/04/2020;2020;4;abr;sábado;770,01;98;5958;50859;7,86
Facebook Ads;Institucional;12/04/2020;2020;4;abr;domingo;1235,19;71;4693;94611;17,4
LinkedIn Ads;Promocional;13/04/2020;2020;4;abr;segunda-feira;1462,19;94;5123;94953;15,56
LinkedIn Ads;Promocional;14/04/2020;2020;4;abr;terça-feira;748,75;45;3818;98956;16,64
LinkedIn Ads;Promocional;15/04/2020;2020;4;abr;quarta-feira;1076,16;80;6222;91156;13,45
Instagram Ads;Promocional;16/04/2020;2020;4;abr;quinta-feira;1092,04;65;4819;92436;16,8
Google Search;Institucional;17/04/2020;2020;4;abr;sexta-feira;1072,25;88;5402;73541;12,18
Facebook Ads;Institucional;18/04/2020;2020;4;abr;sábado;723,08;16;6911;14489;45,19
LinkedIn Ads;Promocional;19/04/2020;2020;4;abr;domingo;1452,75;45;4176;31444;32,28
Google Search;Promocional;20/04/2020;2020;4;abr;segunda-feira;947,13;91;9379;98737;10,41
Facebook Ads;Promocional;21/04/2020;2020;4;abr;terça-feira;1346,41;37;1588;54746;36,39
LinkedIn Ads;Promocional;22/04/2020;2020;4;abr;quarta-feira;1199,48;50;5009;40615;23,99
Instagram Ads;Promocional;23/04/2020;2020;4;abr;quinta-feira;797,44;24;6538;90825;33,23
Instagram Ads;Promocional;24/04/2020;2020;4;abr;sexta-feira;1313,8;48;8185;37616;27,37
Google Search;Promocional;25/04/2020;2020;4;abr;sábado;896,51;76;5308;87205;11,8
LinkedIn Ads;Institucional;26/04/2020;2020;4;abr;domingo;1381,1;4;969;22380;345,28
Facebook Ads;Institucional;27/04/2020;2020;4;abr;segunda-feira;1081,27;51;1663;45863;21,2
Instagram Ads;Promocional;28/04/2020;2020;4;abr;terça-feira;1381,74;46;3226;42133;30,04
LinkedIn Ads;Institucional;29/04/2020;2020;4;abr;quarta-feira;1192,53;40;563;69394;29,81
LinkedIn Ads;Promocional;30/04/2020;2020;4;abr;quinta-feira;1225,25;14;8527;70672;87,52
LinkedIn Ads;Promocional;01/05/2020;2020;5;mai;sexta-feira;1001,32;10;2331;93721;100,13
Facebook Ads;Promocional;02/05/2020;2020;5;mai;sábado;1456,08;27;3430;51109;53,93
Facebook Ads;Institucional;03/05/2020;2020;5;mai;domingo;1143,99;78;7893;11488;14,67
Instagram Ads;Promocional;04/05/2020;2020;5;mai;segunda-feira;923,86;13;2289;93923;71,07
Instagram Ads;Institucional;05/05/2020;2020;5;mai;terça-feira;1106,39;4;3863;66869;276,6
Instagram Ads;Institucional;06/05/2020;2020;5;mai;quarta-feira;519,19;86;5100;62826;6,04
Google Search;Institucional;07/05/2020;2020;5;mai;quinta-feira;801,57;15;7531;19292;53,44
Google Search;Institucional;08/05/2020;2020;5;mai;sexta-feira;1160,17;29;6763;23011;40,01
Google Search;Institucional;09/05/2020;2020;5;mai;sábado;790,08;78;1558;39456;10,13
Google Search;Promocional;10/05/2020;2020;5;mai;domingo;1118,02;42;1372;21256;26,62
Instagram Ads;Promocional;11/05/2020;2020;5;mai;segunda-feira;928,77;25;4078;26715;37,15
Instagram Ads;Institucional;12/05/2020;2020;5;mai;terça-feira;635,47;75;7211;87795;8,47
LinkedIn Ads;Institucional;13/05/2020;2020;5;mai;quarta-feira;798,28;95;909;58649;8,4
Instagram Ads;Institucional;14/05/2020;2020;5;mai;quinta-feira;1069,96;91;1229;47241;11,76
Facebook Ads;Promocional;15/05/2020;2020;5;mai;sexta-feira;1090,87;22;7592;99886;49,58
LinkedIn Ads;Institucional;16/05/2020;2020;5;mai;sábado;1074,33;43;6781;64294;24,98
Instagram Ads;Promocional;17/05/2020;2020;5;mai;domingo;1153,2;84;8670;91514;13,73
Instagram Ads;Institucional;18/05/2020;2020;5;mai;segunda-feira;1152,1;55;5572;89172;20,95
Instagram Ads;Promocional;19/05/2020;2020;5;mai;terça-feira;931,42;2;8944;21630;465,71
Instagram Ads;Institucional;20/05/2020;2020;5;mai;quarta-feira;1396,55;25;5250;15199;55,86
LinkedIn Ads;Institucional;21/05/2020;2020;5;mai;quinta-feira;867,56;0;27;35455;0
Instagram Ads;Institucional;22/05/2020;2020;5;mai;sexta-feira;935,86;95;392;33601;9,85
LinkedIn Ads;Institucional;23/05/2020;2020;5;mai;sábado;1391,92;56;3819;71809;24,86
Google Search;Promocional;24/05/2020;2020;5;mai;domingo;1306,19;70;5327;67959;18,66
Google Search;Institucional;25/05/2020;2020;5;mai;segunda-feira;1203,89;82;5683;20786;14,68
LinkedIn Ads;Institucional;26/05/2020;2020;5;mai;terça-feira;600,23;86;215;24247;6,98
Instagram Ads;Promocional;27/05/2020;2020;5;mai;quarta-feira;1419,48;62;3230;27708;22,89
LinkedIn Ads;Institucional;28/05/2020;2020;5;mai;quinta-feira;1214,24;46;7922;99836;26,4
LinkedIn Ads;Institucional;29/05/2020;2020;5;mai;sexta-feira;1498,85;89;5729;35194;16,84
Facebook Ads;Institucional;30/05/2020;2020;5;mai;sábado;649,45;77;4980;65553;8,43
LinkedIn Ads;Institucional;31/05/2020;2020;5;mai;domingo;1368,13;12;4746;64528;114,01
Facebook Ads;Institucional;01/06/2020;2020;6;jun;segunda-feira;662,49;62;8255;45738;10,69
Facebook Ads;Promocional;02/06/2020;2020;6;jun;terça-feira;1115,56;37;3556;92398;30,15
Facebook Ads;Promocional;03/06/2020;2020;6;jun;quarta-feira;623,82;83;2248;24187;7,52
LinkedIn Ads;Promocional;04/06/2020;2020;6;jun;quinta-feira;1348,01;31;4215;14010;43,48
Instagram Ads;Institucional;05/06/2020;2020;6;jun;sexta-feira;1307,32;28;2362;90659;46,69
Facebook Ads;Institucional;06/06/2020;2020;6;jun;sábado;1069,1;59;3469;76389;18,12
LinkedIn Ads;Promocional;07/06/2020;2020;6;jun;domingo;907,18;83;7692;34431;10,93
Google Search;Promocional;08/06/2020;2020;6;jun;segunda-feira;569,17;40;2638;52490;14,23
Facebook Ads;Institucional;09/06/2020;2020;6;jun;terça-feira;1197,43;89;6504;84684;13,45
Facebook Ads;Institucional;10/06/2020;2020;6;jun;quarta-feira;953,54;29;77;46316;32,88
Facebook Ads;Promocional;11/06/2020;2020;6;jun;quinta-feira;1222,06;28;7817;83278;43,64
Facebook Ads;Promocional;12/06/2020;2020;6;jun;sexta-feira;1366,38;52;4796;87707;26,28
LinkedIn Ads;Institucional;13/06/2020;2020;6;jun;sábado;1475,52;42;588;66315;35,13
Google Search;Institucional;14/06/2020;2020;6;jun;domingo;1355,8;10;6799;98753;135,58
Facebook Ads;Promocional;15/06/2020;2020;6;jun;segunda-feira;511,71;84;4768;26999;6,09
Google Search;Institucional;16/06/2020;2020;6;jun;terça-feira;859,98;17;8684;34201;50,59
Facebook Ads;Promocional;17/06/2020;2020;6;jun;quarta-feira;1229,99;0;5374;68392;0
Google Search;Institucional;18/06/2020;2020;6;jun;quinta-feira;671,63;39;5106;94762;17,22
LinkedIn Ads;Promocional;19/06/2020;2020;6;jun;sexta-feira;1021,04;38;6515;63044;26,87
Instagram Ads;Promocional;20/06/2020;2020;6;jun;sábado;554,34;98;9330;20709;5,66
Google Search;Promocional;21/06/2020;2020;6;jun;domingo;700;65;2319;91614;10,77
Google Search;Promocional;22/06/2020;2020;6;jun;segunda-feira;518,52;48;4885;78765;10,8
Facebook Ads;Institucional;23/06/2020;2020;6;jun;terça-feira;1293,7;86;2198;13969;15,04
Google Search;Institucional;24/06/2020;2020;6;jun;quarta-feira;723,92;45;762;52190;16,09
Google Search;Institucional;25/06/2020;2020;6;jun;quinta-feira;845,35;49;1883;53264;17,25
Google Search;Promocional;26/06/2020;2020;6;jun;sexta-feira;1428,08;22;859;79025;64,91
Facebook Ads;Institucional;27/06/2020;2020;6;jun;sábado;1204,41;92;8291;27056;13,09
Instagram Ads;Institucional;28/06/2020;2020;6;jun;domingo;531,84;65;6558;76301;8,18
Instagram Ads;Institucional;29/06/2020;2020;6;jun;segunda-feira;664,69;85;5876;98805;7,82
Facebook Ads;Institucional;30/06/2020;2020;6;jun;terça-feira;1121,48;66;5878;75733;16,99
Instagram Ads;Institucional;01/07/2020;2020;7;jul;quarta-feira;1077,23;32;886;85678;33,66
Facebook Ads;Promocional;02/07/2020;2020;7;jul;quinta-feira;737,89;50;9012;66822;14,76
Facebook Ads;Promocional;03/07/2020;2020;7;jul;sexta-feira;1434,21;70;5520;37753;20,49
LinkedIn Ads;Institucional;04/07/2020;2020;7;jul;sábado;1113,97;35;9654;22975;31,83
Google Search;Promocional;05/07/2020;2020;7;jul;domingo;1035,63;23;1355;36098;45,03
Facebook Ads;Promocional;06/07/2020;2020;7;jul;segunda-feira;1089,91;82;6457;30853;13,29
Instagram Ads;Promocional;07/07/2020;2020;7;jul;terça-feira;1230,12;89;7866;82583;13,82
Facebook Ads;Institucional;08/07/2020;2020;7;jul;quarta-feira;811,94;79;968;65294;10,28
Google Search;Promocional;09/07/2020;2020;7;jul;quinta-feira;898,22;27;232;58469;33,27
LinkedIn Ads;Institucional;10/07/2020;2020;7;jul;sexta-feira;709,84;85;7954;35630;8,35
Google Search;Institucional;11/07/2020;2020;7;jul;sábado;686,19;1;3372;33560;686,19
Instagram Ads;Promocional;12/07/2020;2020;7;jul;domingo;1444,37;9;3298;30077;160,49
LinkedIn Ads;Institucional;13/07/2020;2020;7;jul;segunda-feira;1239,55;81;9931;62693;15,3
Instagram Ads;Promocional;14/07/2020;2020;7;jul;terça-feira;990,46;11;7858;87049;90,04
Instagram Ads;Institucional;15/07/2020;2020;7;jul;quarta-feira;727,41;64;43;39421;11,37
Google Search;Promocional;16/07/2020;2020;7;jul;quinta-feira;754,36;67;8769;40784;11,26
Facebook Ads;Promocional;17/07/2020;2020;7;jul;sexta-feira;558,03;61;2169;12651;9,15
Facebook Ads;Institucional;18/07/2020;2020;7;jul;sábado;934,42;54;3244;57154;17,3
LinkedIn Ads;Promocional;19/07/2020;2020;7;jul;domingo;811,8;36;2825;62400;22,55
Google Search;Promocional;20/07/2020;2020;7;jul;segunda-feira;1196,34;84;515;34025;14,24
LinkedIn Ads;Institucional;21/07/2020;2020;7;jul;terça-feira;877,75;19;9609;47447;46,2
Facebook Ads;Institucional;22/07/2020;2020;7;jul;quarta-feira;679,6;69;5154;68847;9,85
LinkedIn Ads;Institucional;23/07/2020;2020;7;jul;quinta-feira;524,68;84;3550;62622;6,25
Facebook Ads;Promocional;24/07/2020;2020;7;jul;sexta-feira;567,25;62;6657;41609;9,15
Facebook Ads;Promocional;25/07/2020;2020;7;jul;sábado;1179,39;68;5414;48014;17,34
Google Search;Promocional;26/07/2020;2020;7;jul;domingo;953,7;41;6096;16280;23,26
LinkedIn Ads;Promocional;27/07/2020;2020;7;jul;segunda-feira;1036,58;80;2910;82983;12,96
Facebook Ads;Institucional;28/07/2020;2020;7;jul;terça-feira;1396,67;16;8333;79453;87,29
Instagram Ads;Promocional;29/07/2020;2020;7;jul;quarta-feira;1490,34;57;5974;34616;26,15
LinkedIn Ads;Promocional;30/07/2020;2020;7;jul;quinta-feira;716,9;5;9047;86929;143,38
Google Search;Promocional;31/07/2020;2020;7;jul;sexta-feira;1163,08;96;8997;68142;12,12
Google Search;Institucional;01/08/2020;2020;8;ago;sábado;763,32;22;3418;40567;34,7
Facebook Ads;Institucional;02/08/2020;2020;8;ago;domingo;520,65;3;8274;65111;173,55
LinkedIn Ads;Institucional;03/08/2020;2020;8;ago;segunda-feira;1258,38;8;4054;70885;157,3
Instagram Ads;Promocional;04/08/2020;2020;8;ago;terça-feira;820,02;62;4614;22248;13,23
Google Search;Promocional;05/08/2020;2020;8;ago;quarta-feira;883,46;92;9802;68661;9,6
Facebook Ads;Institucional;06/08/2020;2020;8;ago;quinta-feira;1088,32;41;7595;25147;26,54
Google Search;Institucional;07/08/2020;2020;8;ago;sexta-feira;1331,05;74;2561;82123;17,99
Google Search;Institucional;08/08/2020;2020;8;ago;sábado;1128,98;92;3529;21940;12,27
Google Search;Institucional;09/08/2020;2020;8;ago;domingo;1372,65;95;4272;66137;14,45
Instagram Ads;Institucional;10/08/2020;2020;8;ago;segunda-feira;773,54;11;6991;98040;70,32
Instagram Ads;Institucional;11/08/2020;2020;8;ago;terça-feira;1298,05;34;8446;12960;38,18
Instagram Ads;Institucional;12/08/2020;2020;8;ago;quarta-feira;685,64;91;5531;70835;7,53
Instagram Ads;Promocional;13/08/2020;2020;8;ago;quinta-feira;1452,79;49;9956;88211;29,65
Instagram Ads;Promocional;14/08/2020;2020;8;ago;sexta-feira;1187,49;71;931;48439;16,73
Instagram Ads;Promocional;15/08/2020;2020;8;ago;sábado;715,51;39;8205;26805;18,35
LinkedIn Ads;Promocional;16/08/2020;2020;8;ago;domingo;1447,37;58;4533;32010;24,95
Facebook Ads;Promocional;17/08/2020;2020;8;ago;segunda-feira;1230,86;5;7494;87224;246,17
Instagram Ads;Institucional;18/08/2020;2020;8;ago;terça-feira;753,94;73;8970;24906;10,33
Instagram Ads;Promocional;19/08/2020;2020;8;ago;quarta-feira;713,31;88;4217;62707;8,11
LinkedIn Ads;Institucional;20/08/2020;2020;8;ago;quinta-feira;1018,2;12;1323;75153;84,85
LinkedIn Ads;Promocional;21/08/2020;2020;8;ago;sexta-feira;525,66;97;4264;30995;5,42
Google Search;Promocional;22/08/2020;2020;8;ago;sábado;707,47;59;1268;96539;11,99
LinkedIn Ads;Institucional;23/08/2020;2020;8;ago;domingo;924,69;78;4879;24176;11,86
Google Search;Promocional;24/08/2020;2020;8;ago;segunda-feira;874,17;15;9230;36535;58,28
Instagram Ads;Institucional;25/08/2020;2020;8;ago;terça-feira;963,58;4;8192;49730;240,9
Instagram Ads;Promocional;26/08/2020;2020;8;ago;quarta-feira;777,63;22;5411;94736;35,35
Google Search;Institucional;27/08/2020;2020;8;ago;quinta-feira;1086,78;52;5729;96582;20,9
LinkedIn Ads;Promocional;28/08/2020;2020;8;ago;sexta-feira;1363,86;66;3470;23366;20,66
Google Search;Institucional;29/08/2020;2020;8;ago;sábado;617,53;71;1798;50559;8,7
Google Search;Institucional;30/08/2020;2020;8;ago;domingo;1017,38;72;8792;52839;14,13
LinkedIn Ads;Institucional;31/08/2020;2020;8;ago;segunda-feira;632,07;5;5123;35287;126,41
Google Search;Promocional;01/09/2020;2020;9;set;terça-feira;1216,86;39;1348;29777;31,2
Google Search;Institucional;02/09/2020;2020;9;set;quarta-feira;896,06;79;1125;26866;11,34
Google Search;Promocional;03/09/2020;2020;9;set;quinta-feira;1065,42;79;7007;56861;13,49
Google Search;Promocional;04/09/2020;2020;9;set;sexta-feira;683,28;41;1947;34504;16,67
Facebook Ads;Promocional;05/09/2020;2020;9;set;sábado;644,85;89;4722;88878;7,25
Instagram Ads;Promocional;06/09/2020;2020;9;set;domingo;988,06;22;6723;17509;44,91
Instagram Ads;Promocional;07/09/2020;2020;9;set;segunda-feira;855,61;89;7970;95585;9,61
LinkedIn Ads;Institucional;08/09/2020;2020;9;set;terça-feira;1440,43;89;8617;12979;16,18
Google Search;Promocional;09/09/2020;2020;9;set;quarta-feira;1265,33;19;4877;68246;66,6
Instagram Ads;Promocional;10/09/2020;2020;9;set;quinta-feira;1248,66;62;8063;85800;20,14
Google Search;Institucional;11/09/2020;2020;9;set;sexta-feira;1403,72;29;9329;64306;48,4
Facebook Ads;Institucional;12/09/2020;2020;9;set;sábado;583,42;9;362;74503;64,82
Facebook Ads;Promocional;13/09/2020;2020;9;set;domingo;1052,19;11;6824;23928;95,65
LinkedIn Ads;Institucional;14/09/2020;2020;9;set;segunda-feira;1084,48;99;7661;10358;10,95
Instagram Ads;Promocional;15/09/2020;2020;9;set;terça-feira;1461,94;26;9162;60909;56,23
LinkedIn Ads;Institucional;16/09/2020;2020;9;set;quarta-feira;792,15;82;6950;52501;9,66
Facebook Ads;Promocional;17/09/2020;2020;9;set;quinta-feira;740,83;72;4419;72704;10,29
Google Search;Institucional;18/09/2020;2020;9;set;sexta-feira;600,29;1;4751;78505;600,29
Facebook Ads;Institucional;19/09/2020;2020;9;set;sábado;516,43;99;7652;32254;5,22
Google Search;Promocional;20/09/2020;2020;9;set;domingo;1429,53;46;746;16182;31,08
Instagram Ads;Institucional;21/09/2020;2020;9;set;segunda-feira;1169,92;55;3762;74827;21,27
Google Search;Promocional;22/09/2020;2020;9;set;terça-feira;1285,15;10;6188;77790;128,52
Instagram Ads;Promocional;23/09/2020;2020;9;set;quarta-feira;781,73;74;8532;62297;10,56
Instagram Ads;Institucional;24/09/2020;2020;9;set;quinta-feira;1086,41;24;564;38143;45,27
LinkedIn Ads;Promocional;25/09/2020;2020;9;set;sexta-feira;563,96;95;1945;48834;5,94
Google Search;Institucional;26/09/2020;2020;9;set;sábado;985,63;43;4268;59180;22,92
Instagram Ads;Institucional;27/09/2020;2020;9;set;domingo;1477,5;91;4177;60575;16,24
Instagram Ads;Promocional;28/09/2020;2020;9;set;segunda-feira;1376,51;13;8837;10647;105,89
Facebook Ads;Institucional;29/09/2020;2020;9;set;terça-feira;838,16;78;711;15791;10,75
Facebook Ads;Promocional;30/09/2020;2020;9;set;quarta-feira;1461,57;55;5956;17339;26,57
LinkedIn Ads;Promocional;01/10/2020;2020;10;out;quinta-feira;731,7;5;7775;40159;146,34
LinkedIn Ads;Promocional;02/10/2020;2020;10;out;sexta-feira;1449,32;23;106;78380;63,01
Google Search;Institucional;03/10/2020;2020;10;out;sábado;1441,38;42;754;88206;34,32
Google Search;Promocional;04/10/2020;2020;10;out;domingo;1299,2;49;1627;18374;26,51
Instagram Ads;Institucional;05/10/2020;2020;10;out;segunda-feira;1130,45;75;7659;16262;15,07
Facebook Ads;Promocional;06/10/2020;2020;10;out;terça-feira;1374,29;56;937;38758;24,54
Instagram Ads;Promocional;07/10/2020;2020;10;out;quarta-feira;793,02;43;4509;41289;18,44
Google Search;Institucional;08/10/2020;2020;10;out;quinta-feira;1348,94;24;4082;65794;56,21
Google Search;Promocional;09/10/2020;2020;10;out;sexta-feira;1117,88;81;5484;23436;13,8
LinkedIn Ads;Institucional;10/10/2020;2020;10;out;sábado;513,24;21;4150;12624;24,44
Facebook Ads;Promocional;11/10/2020;2020;10;out;domingo;847,23;94;7193;77652;9,01
Instagram Ads;Institucional;12/10/2020;2020;10;out;segunda-feira;648,14;18;8721;32496;36,01
Facebook Ads;Institucional;13/10/2020;2020;10;out;terça-feira;1481,83;63;2479;31712;23,52
LinkedIn Ads;Promocional;14/10/2020;2020;10;out;quarta-feira;978,37;89;3134;38154;10,99
Google Search;Promocional;15/10/2020;2020;10;out;quinta-feira;997,39;29;8030;41434;34,39
LinkedIn Ads;Promocional;16/10/2020;2020;10;out;sexta-feira;1139,47;37;4094;79031;30,8
Google Search;Institucional;17/10/2020;2020;10;out;sábado;868,58;49;7120;17334;17,73
Facebook Ads;Institucional;18/10/2020;2020;10;out;domingo;636,9;40;9302;31942;15,92
LinkedIn Ads;Institucional;19/10/2020;2020;10;out;segunda-feira;1322,12;95;6309;50700;13,92
Facebook Ads;Institucional;20/10/2020;2020;10;out;terça-feira;689,85;11;1289;15117;62,71
Instagram Ads;Institucional;21/10/2020;2020;10;out;quarta-feira;1011,32;56;4748;52231;18,06
Facebook Ads;Institucional;22/10/2020;2020;10;out;quinta-feira;724,32;63;1397;30608;11,5
Instagram Ads;Institucional;23/10/2020;2020;10;out;sexta-feira;597,84;14;1825;74265;42,7
Google Search;Promocional;24/10/2020;2020;10;out;sábado;1362,19;32;702;79036;42,57
Facebook Ads;Institucional;25/10/2020;2020;10;out;domingo;1472,92;65;6660;23364;22,66
Facebook Ads;Institucional;26/10/2020;2020;10;out;segunda-feira;1460,83;65;2885;56289;22,47
Instagram Ads;Promocional;27/10/2020;2020;10;out;terça-feira;1406,56;36;4733;17524;39,07
LinkedIn Ads;Promocional;28/10/2020;2020;10;out;quarta-feira;1274,05;25;5196;47551;50,96
Instagram Ads;Institucional;29/10/2020;2020;10;out;quinta-feira;833,15;76;681;86485;10,96
Instagram Ads;Institucional;30/10/2020;2020;10;out;sexta-feira;581,1;72;7936;70905;8,07
Google Search;Promocional;31/10/2020;2020;10;out;sábado;907,24;50;1769;50358;18,14
Facebook Ads;Institucional;01/11/2020;2020;11;nov;domingo;732,23;12;7521;85812;61,02
LinkedIn Ads;Promocional;02/11/2020;2020;11;nov;segunda-feira;632,49;24;2737;93332;26,35
LinkedIn Ads;Promocional;03/11/2020;2020;11;nov;terça-feira;553,43;19;6555;28171;29,13
Facebook Ads;Institucional;04/11/2020;2020;11;nov;quarta-feira;1225,59;67;7462;11009;18,29
LinkedIn Ads;Institucional;05/11/2020;2020;11;nov;quinta-feira;511,43;10;2155;90075;51,14
Instagram Ads;Promocional;06/11/2020;2020;11;nov;sexta-feira;1270,58;7;4723;17207;181,51
Google Search;Institucional;07/11/2020;2020;11;nov;sábado;646,95;52;8170;47085;12,44
Facebook Ads;Institucional;08/11/2020;2020;11;nov;domingo;579,52;92;4550;96763;6,3
Google Search;Promocional;09/11/2020;2020;11;nov;segunda-feira;589,6;14;2982;14781;42,11
Instagram Ads;Promocional;10/11/2020;2020;11;nov;terça-feira;1172,05;72;6257;19089;16,28
Instagram Ads;Institucional;11/11/2020;2020;11;nov;quarta-feira;745,37;46;4455;80380;16,2
Google Search;Institucional;12/11/2020;2020;11;nov;quinta-feira;920,54;99;40;27583;9,3
LinkedIn Ads;Promocional;13/11/2020;2020;11;nov;sexta-feira;1057,37;35;4190;71804;30,21
LinkedIn Ads;Promocional;14/11/2020;2020;11;nov;sábado;1360,55;81;7332;18618;16,8
LinkedIn Ads;Institucional;15/11/2020;2020;11;nov;domingo;1227,04;23;1947;13836;53,35
Google Search;Institucional;16/11/2020;2020;11;nov;segunda-feira;770,33;61;696;70974;12,63
LinkedIn Ads;Promocional;17/11/2020;2020;11;nov;terça-feira;631,48;53;7295;19191;11,91
LinkedIn Ads;Promocional;18/11/2020;2020;11;nov;quarta-feira;555,37;12;1311;99551;46,28
Google Search;Promocional;19/11/2020;2020;11;nov;quinta-feira;801,6;45;2864;90493;17,81
Google Search;Promocional;20/11/2020;2020;11;nov;sexta-feira;762,12;7;7147;95722;108,87
Google Search;Institucional;21/11/2020;2020;11;nov;sábado;956,14;47;4483;44344;20,34
LinkedIn Ads;Promocional;22/11/2020;2020;11;nov;domingo;1183,28;39;4599;89696;30,34
Google Search;Institucional;23/11/2020;2020;11;nov;segunda-feira;1195,63;94;1703;38075;12,72
Instagram Ads;Promocional;24/11/2020;2020;11;nov;terça-feira;783,52;19;5132;53868;41,24
LinkedIn Ads;Institucional;25/11/2020;2020;11;nov;quarta-feira;879,93;50;3531;71888;17,6
Google Search;Institucional;26/11/2020;2020;11;nov;quinta-feira;681,15;65;5752;32079;10,48
Google Search;Institucional;27/11/2020;2020;11;nov;sexta-feira;1288,55;43;4466;60220;29,97
Facebook Ads;Institucional;28/11/2020;2020;11;nov;sábado;556,85;82;5039;94861;6,79
Instagram Ads;Promocional;29/11/2020;2020;11;nov;domingo;1197;78;4409;41362;15,35
Instagram Ads;Promocional;30/11/2020;2020;11;nov;segunda-feira;1278,7;89;2197;87334;14,37
LinkedIn Ads;Promocional;01/12/2020;2020;12;dez;terça-feira;1277,41;56;524;33932;22,81
Instagram Ads;Institucional;02/12/2020;2020;12;dez;quarta-feira;759,42;72;6127;48808;10,55
LinkedIn Ads;Institucional;03/12/2020;2020;12;dez;quinta-feira;873,81;50;657;91836;17,48
Google Search;Promocional;04/12/2020;2020;12;dez;sexta-feira;1087,6;34;6567;34403;31,99
LinkedIn Ads;Promocional;05/12/2020;2020;12;dez;sábado;772,82;90;8095;42478;8,59
Google Search;Institucional;06/12/2020;2020;12;dez;domingo;870,85;11;9839;48861;79,17
Google Search;Promocional;07/12/2020;2020;12;dez;segunda-feira;697,05;11;5789;64663;63,37
Google Search;Promocional;08/12/2020;2020;12;dez;terça-feira;959,86;36;6583;88133;26,66
Facebook Ads;Institucional;09/12/2020;2020;12;dez;quarta-feira;544,61;49;2497;43269;11,11
Google Search;Institucional;10/12/2020;2020;12;dez;quinta-feira;1299,8;76;9509;37966;17,1
Google Search;Promocional;11/12/2020;2020;12;dez;sexta-feira;576,96;81;8983;79128;7,12
LinkedIn Ads;Institucional;12/12/2020;2020;12;dez;sábado;1018,84;95;5005;88794;10,72
Facebook Ads;Institucional;13/12/2020;2020;12;dez;domingo;806,81;74;136;27193;10,9
Google Search;Institucional;14/12/2020;2020;12;dez;segunda-feira;1077,54;48;2258;15026;22,45
Google Search;Promocional;15/12/2020;2020;12;dez;terça-feira;1459,43;74;8603;60350;19,72
Facebook Ads;Institucional;16/12/2020;2020;12;dez;quarta-feira;1145,57;11;419;21517;104,14
Google Search;Promocional;17/12/2020;2020;12;dez;quinta-feira;535,36;93;6494;35288;5,76
LinkedIn Ads;Promocional;18/12/2020;2020;12;dez;sexta-feira;930,4;34;972;89477;27,36
LinkedIn Ads;Promocional;19/12/2020;2020;12;dez;sábado;1010,02;74;2349;11335;13,65
Google Search;Promocional;20/12/2020;2020;12;dez;domingo;1036,18;76;3920;26341;13,63
LinkedIn Ads;Institucional;21/12/2020;2020;12;dez;segunda-feira;1181,39;39;7319;49492;30,29
Google Search;Promocional;22/12/2020;2020;12;dez;terça-feira;777,6;10;2814;61719;77,76
Instagram Ads;Institucional;23/12/2020;2020;12;dez;quarta-feira;628,86;2;7410;43016;314,43
Google Search;Promocional;24/12/2020;2020;12;dez;quinta-feira;892,68;75;746;79717;11,9
Google Search;Promocional;25/12/2020;2020;12;dez;sexta-feira;1456,41;46;968;35686;31,66
Google Search;Institucional;26/12/2020;2020;12;dez;sábado;687,13;51;8183;75555;13,47
Instagram Ads;Promocional;27/12/2020;2020;12;dez;domingo;1403,98;41;2512;56406;34,24
Facebook Ads;Institucional;28/12/2020;2020;12;dez;segunda-feira;1043,81;91;5066;13579;11,47
Facebook Ads;Institucional;29/12/2020;2020;12;dez;terça-feira;956,91;3;1935;63605;318,97
Google Search;Institucional;30/12/2020;2020;12;dez;quarta-feira;1382,04;16;8678;60518;86,38
Facebook Ads;Promocional;31/12/2020;2020;12;dez;quinta-feira;958,6;63;6013;79699;15,22
Google Search;Promocional;01/01/2021;2021;1;jan;sexta-feira;1224,17;64;4952;47789;19,13
Instagram Ads;Promocional;02/01/2021;2021;1;jan;sábado;899,03;13;5871;21157;69,16
Facebook Ads;Institucional;03/01/2021;2021;1;jan;domingo;1404,04;38;2880;35809;36,95
Instagram Ads;Institucional;04/01/2021;2021;1;jan;segunda-feira;1190,03;4;7555;79359;297,51
Facebook Ads;Promocional;05/01/2021;2021;1;jan;terça-feira;1199,62;3;4058;12523;399,87
Instagram Ads;Promocional;06/01/2021;2021;1;jan;quarta-feira;827,72;19;2964;24593;43,56
Instagram Ads;Promocional;07/01/2021;2021;1;jan;quinta-feira;1256,78;81;5103;29105;15,52
LinkedIn Ads;Institucional;08/01/2021;2021;1;jan;sexta-feira;1136,06;16;2494;23675;71
Google Search;Promocional;09/01/2021;2021;1;jan;sábado;740,02;71;3096;97143;10,42
Google Search;Institucional;10/01/2021;2021;1;jan;domingo;660,54;24;6127;78345;27,52
Facebook Ads;Promocional;11/01/2021;2021;1;jan;segunda-feira;1296,39;11;297;58478;117,85
Instagram Ads;Promocional;12/01/2021;2021;1;jan;terça-feira;1459,17;22;6870;86214;66,33
LinkedIn Ads;Promocional;13/01/2021;2021;1;jan;quarta-feira;958,14;60;9539;36575;15,97
LinkedIn Ads;Institucional;14/01/2021;2021;1;jan;quinta-feira;1090,98;91;6094;71180;11,99
Facebook Ads;Institucional;15/01/2021;2021;1;jan;sexta-feira;1357,72;2;8002;79939;678,86
Google Search;Promocional;16/01/2021;2021;1;jan;sábado;957,22;8;4331;61629;119,65
LinkedIn Ads;Promocional;17/01/2021;2021;1;jan;domingo;1451,87;72;5144;84984;20,16
Instagram Ads;Institucional;18/01/2021;2021;1;jan;segunda-feira;1075,75;89;3668;95341;12,09
LinkedIn Ads;Promocional;19/01/2021;2021;1;jan;terça-feira;1320,77;38;5795;67476;34,76
Google Search;Promocional;20/01/2021;2021;1;jan;quarta-feira;1408,84;52;3502;70088;27,09
Facebook Ads;Institucional;21/01/2021;2021;1;jan;quinta-feira;1315,52;97;4640;25792;13,56
Instagram Ads;Institucional;22/01/2021;2021;1;jan;sexta-feira;659,41;88;5674;97928;7,49
Google Search;Institucional;23/01/2021;2021;1;jan;sábado;1128,9;63;860;43258;17,92
LinkedIn Ads;Promocional;24/01/2021;2021;1;jan;domingo;898,43;21;6181;76320;42,78
Instagram Ads;Institucional;25/01/2021;2021;1;jan;segunda-feira;562,71;4;228;43845;140,68
Instagram Ads;Promocional;26/01/2021;2021;1;jan;terça-feira;924,03;31;1079;44773;29,81
Facebook Ads;Promocional;27/01/2021;2021;1;jan;quarta-feira;758,68;75;5994;64676;10,12
LinkedIn Ads;Promocional;28/01/2021;2021;1;jan;quinta-feira;1349,04;37;355;38653;36,46
LinkedIn Ads;Promocional;29/01/2021;2021;1;jan;sexta-feira;533,3;7;7233;84680;76,19
Google Search;Institucional;30/01/2021;2021;1;jan;sábado;1458,98;22;5349;96424;66,32
LinkedIn Ads;Promocional;31/01/2021;2021;1;jan;domingo;855,37;42;2403;50747;20,37
Instagram Ads;Promocional;01/02/2021;2021;2;fev;segunda-feira;856,71;59;7522;74852;14,52
LinkedIn Ads;Institucional;02/02/2021;2021;2;fev;terça-feira;516,33;95;91;29809;5,44
Facebook Ads;Promocional;03/02/2021;2021;2;fev;quarta-feira;685,23;54;8689;81960;12,69
LinkedIn Ads;Institucional;04/02/2021;2021;2;fev;quinta-feira;901,26;73;2299;28792;12,35
LinkedIn Ads;Institucional;05/02/2021;2021;2;fev;sexta-feira;1429,29;51;4970;50539;28,03
Google Search;Institucional;06/02/2021;2021;2;fev;sábado;599,61;82;6660;99405;7,31
Facebook Ads;Institucional;07/02/2021;2021;2;fev;domingo;1445,3;23;902;20643;62,84
Google Search;Promocional;08/02/2021;2021;2;fev;segunda-feira;1369,49;83;7427;35228;16,5
LinkedIn Ads;Promocional;09/02/2021;2021;2;fev;terça-feira;954,16;25;2727;79746;38,17
Instagram Ads;Institucional;10/02/2021;2021;2;fev;quarta-feira;826,7;57;7268;29756;14,5
Facebook Ads;Promocional;11/02/2021;2021;2;fev;quinta-feira;732,74;69;6555;52826;10,62
Google Search;Promocional;12/02/2021;2021;2;fev;sexta-feira;1114,46;89;300;70095;12,52
Facebook Ads;Institucional;13/02/2021;2021;2;fev;sábado;533,07;45;6400;68332;11,85
Instagram Ads;Institucional;14/02/2021;2021;2;fev;domingo;515,61;88;2781;30853;5,86
Instagram Ads;Promocional;15/02/2021;2021;2;fev;segunda-feira;928,8;51;846;74983;18,21
Google Search;Promocional;16/02/2021;2021;2;fev;terça-feira;568,07;59;1152;91805;9,63
Google Search;Promocional;17/02/2021;2021;2;fev;quarta-feira;751,94;44;3328;25941;17,09
Google Search;Institucional;18/02/2021;2021;2;fev;quinta-feira;721,16;26;6240;17853;27,74
Instagram Ads;Institucional;19/02/2021;2021;2;fev;sexta-feira;753,19;43;1908;52984;17,52
LinkedIn Ads;Promocional;20/02/2021;2021;2;fev;sábado;631,06;32;6173;66455;19,72
Facebook Ads;Promocional;21/02/2021;2021;2;fev;domingo;512,04;30;7557;68665;17,07
Google Search;Promocional;22/02/2021;2021;2;fev;segunda-feira;615,48;14;2117;43168;43,96
LinkedIn Ads;Institucional;23/02/2021;2021;2;fev;terça-feira;1118,48;71;4793;31682;15,75
LinkedIn Ads;Promocional;24/02/2021;2021;2;fev;quarta-feira;1474,26;96;9502;98871;15,36
LinkedIn Ads;Promocional;25/02/2021;2021;2;fev;quinta-feira;1490,35;61;4714;20275;24,43
Facebook Ads;Institucional;26/02/2021;2021;2;fev;sexta-feira;909,05;1;8208;11898;909,05
Instagram Ads;Promocional;27/02/2021;2021;2;fev;sábado;662,95;47;1929;36229;14,11
LinkedIn Ads;Promocional;28/02/2021;2021;2;fev;domingo;1138,76;43;6874;88337;26,48
Facebook Ads;Promocional;01/03/2021;2021;3;mar;segunda-feira;990,31;90;9292;73953;11
Google Search;Institucional;02/03/2021;2021;3;mar;terça-feira;1489,41;15;9920;73774;99,29
LinkedIn Ads;Institucional;03/03/2021;2021;3;mar;quarta-feira;565,3;68;5351;66354;8,31
Google Search;Institucional;04/03/2021;2021;3;mar;quinta-feira;1283,23;74;1782;88851;17,34
Google Search;Promocional;05/03/2021;2021;3;mar;sexta-feira;788,4;85;7600;91313;9,28
Instagram Ads;Institucional;06/03/2021;2021;3;mar;sábado;741,42;39;6100;77755;19,01
Instagram Ads;Institucional;07/03/2021;2021;3;mar;domingo;1162,5;94;6255;70761;12,37
LinkedIn Ads;Institucional;08/03/2021;2021;3;mar;segunda-feira;746,06;86;5708;27921;8,68
Instagram Ads;Promocional;09/03/2021;2021;3;mar;terça-feira;1165,86;0;1560;92274;0
Facebook Ads;Institucional;10/03/2021;2021;3;mar;quarta-feira;1017,31;81;3845;17608;12,56
LinkedIn Ads;Promocional;11/03/2021;2021;3;mar;quinta-feira;924,09;58;76;56897;15,93
LinkedIn Ads;Promocional;12/03/2021;2021;3;mar;sexta-feira;1054,69;12;3627;82807;87,89
Google Search;Institucional;13/03/2021;2021;3;mar;sábado;787,05;91;9167;37730;8,65
LinkedIn Ads;Institucional;14/03/2021;2021;3;mar;domingo;1206,57;43;9019;84038;28,06
Instagram Ads;Institucional;15/03/2021;2021;3;mar;segunda-feira;914,86;54;3349;60863;16,94
LinkedIn Ads;Promocional;16/03/2021;2021;3;mar;terça-feira;860,55;47;7652;19820;18,31
Instagram Ads;Institucional;17/03/2021;2021;3;mar;quarta-feira;1328,66;22;7665;85647;60,39
Google Search;Institucional;18/03/2021;2021;3;mar;quinta-feira;1424,97;31;6654;91857;45,97
Google Search;Institucional;19/03/2021;2021;3;mar;sexta-feira;546,01;34;6508;86585;16,06
Google Search;Institucional;20/03/2021;2021;3;mar;sábado;732,63;98;1548;31900;7,48
Facebook Ads;Promocional;21/03/2021;2021;3;mar;domingo;848,52;42;8837;61407;20,2
Facebook Ads;Promocional;22/03/2021;2021;3;mar;segunda-feira;1314,97;68;1660;80556;19,34
Instagram Ads;Promocional;23/03/2021;2021;3;mar;terça-feira;1485,49;62;6741;56361;23,96
Facebook Ads;Promocional;24/03/2021;2021;3;mar;quarta-feira;1468,97;36;2863;42821;40,8
Instagram Ads;Institucional;25/03/2021;2021;3;mar;quinta-feira;1404,95;83;2042;37086;16,93
LinkedIn Ads;Promocional;26/03/2021;2021;3;mar;sexta-feira;796,56;44;3846;20613;18,1
LinkedIn Ads;Promocional;27/03/2021;2021;3;mar;sábado;1492,01;81;68;61246;18,42
Google Search;Promocional;28/03/2021;2021;3;mar;domingo;749,42;70;5321;13702;10,71
Facebook Ads;Promocional;29/03/2021;2021;3;mar;segunda-feira;605,91;6;8096;47717;100,98
Instagram Ads;Institucional;30/03/2021;2021;3;mar;terça-feira;1450,95;48;6090;58813;30,23
Instagram Ads;Institucional;31/03/2021;2021;3;mar;quarta-feira;733,42;9;4571;50412;81,49
Facebook Ads;Institucional;01/04/2021;2021;4;abr;quinta-feira;1189,77;28;1296;86032;42,49
Instagram Ads;Promocional;02/04/2021;2021;4;abr;sexta-feira;558,36;77;1762;63682;7,25
Google Search;Promocional;03/04/2021;2021;4;abr;sábado;1230,71;56;7318;84213;21,98
Instagram Ads;Promocional;04/04/2021;2021;4;abr;domingo;1381,72;9;5245;94150;153,52
Google Search;Institucional;05/04/2021;2021;4;abr;segunda-feira;772,44;85;1052;62105;9,09
LinkedIn Ads;Institucional;06/04/2021;2021;4;abr;terça-feira;879,06;66;2673;36401;13,32
LinkedIn Ads;Promocional;07/04/2021;2021;4;abr;quarta-feira;874,3;9;8142;21508;97,14
Facebook Ads;Promocional;08/04/2021;2021;4;abr;quinta-feira;1248,79;36;7013;84408;34,69
LinkedIn Ads;Institucional;09/04/2021;2021;4;abr;sexta-feira;737,81;28;1157;16899;26,35
Facebook Ads;Institucional;10/04/2021;2021;4;abr;sábado;671,85;64;1602;10922;10,5
Instagram Ads;Institucional;11/04/2021;2021;4;abr;domingo;949,29;74;5539;46509;12,83
Facebook Ads;Institucional;12/04/2021;2021;4;abr;segunda-feira;804,47;13;8907;36546;61,88
Facebook Ads;Institucional;13/04/2021;2021;4;abr;terça-feira;1339,19;2;2637;98330;669,6
LinkedIn Ads;Institucional;14/04/2021;2021;4;abr;quarta-feira;737,74;37;6115;17102;19,94
Google Search;Promocional;15/04/2021;2021;4;abr;quinta-feira;1002,39;71;7647;63473;14,12
Google Search;Institucional;16/04/2021;2021;4;abr;sexta-feira;1442,58;87;5598;42705;16,58
Facebook Ads;Promocional;17/04/2021;2021;4;abr;sábado;1134;94;7429;31267;12,06
Facebook Ads;Institucional;18/04/2021;2021;4;abr;domingo;1367,29;81;6235;96406;16,88
LinkedIn Ads;Promocional;19/04/2021;2021;4;abr;segunda-feira;1440,21;3;4584;82709;480,07
LinkedIn Ads;Promocional;20/04/2021;2021;4;abr;terça-feira;1250,76;98;3226;95188;12,76
Instagram Ads;Promocional;21/04/2021;2021;4;abr;quarta-feira;1199,58;80;7452;60626;14,99
Google Search;Promocional;22/04/2021;2021;4;abr;quinta-feira;1467,97;82;999;75271;17,9
LinkedIn Ads;Institucional;23/04/2021;2021;4;abr;sexta-feira;1494,4;50;2471;87224;29,89
Facebook Ads;Promocional;24/04/2021;2021;4;abr;sábado;951,82;61;105;31319;15,6
LinkedIn Ads;Promocional;25/04/2021;2021;4;abr;domingo;570,87;82;6831;86568;6,96
Instagram Ads;Institucional;26/04/2021;2021;4;abr;segunda-feira;792,79;28;4473;97732;28,31
LinkedIn Ads;Promocional;27/04/2021;2021;4;abr;terça-feira;652,35;35;5558;13450;18,64
LinkedIn Ads;Institucional;28/04/2021;2021;4;abr;quarta-feira;917,49;53;2432;33190;17,31
Google Search;Promocional;29/04/2021;2021;4;abr;quinta-feira;631,29;26;8459;81209;24,28
Instagram Ads;Institucional;30/04/2021;2021;4;abr;sexta-feira;1104,12;42;8371;31254;26,29
LinkedIn Ads;Promocional;01/05/2021;2021;5;mai;sábado;882,81;46;611;73608;19,19
Facebook Ads;Promocional;02/05/2021;2021;5;mai;domingo;1395,39;69;964;35139;20,22
Facebook Ads;Promocional;03/05/2021;2021;5;mai;segunda-feira;1467,79;28;7962;41743;52,42
Facebook Ads;Promocional;04/05/2021;2021;5;mai;terça-feira;1046,88;43;6641;26018;24,35
Google Search;Promocional;05/05/2021;2021;5;mai;quarta-feira;774,82;83;8924;80744;9,34
Google Search;Promocional;06/05/2021;2021;5;mai;quinta-feira;1092,23;62;5008;65776;17,62
Facebook Ads;Institucional;07/05/2021;2021;5;mai;sexta-feira;1396,76;74;9286;34570;18,88
Instagram Ads;Institucional;08/05/2021;2021;5;mai;sábado;906,73;74;1026;76404;12,25
Facebook Ads;Institucional;09/05/2021;2021;5;mai;domingo;1052,08;9;2273;40162;116,9
Facebook Ads;Promocional;10/05/2021;2021;5;mai;segunda-feira;771,65;91;9638;96166;8,48
LinkedIn Ads;Promocional;11/05/2021;2021;5;mai;terça-feira;955,44;99;2628;26050;9,65
Google Search;Promocional;12/05/2021;2021;5;mai;quarta-feira;901,71;75;1886;99874;12,02
Instagram Ads;Promocional;13/05/2021;2021;5;mai;quinta-feira;748,41;96;7428;37132;7,8
Instagram Ads;Promocional;14/05/2021;2021;5;mai;sexta-feira;1005,87;38;2383;45918;26,47
Google Search;Promocional;15/05/2021;2021;5;mai;sábado;810,38;31;5247;46359;26,14
Instagram Ads;Institucional;16/05/2021;2021;5;mai;domingo;873,03;22;4373;10523;39,68
LinkedIn Ads;Promocional;17/05/2021;2021;5;mai;segunda-feira;1024,97;91;3961;36303;11,26
Instagram Ads;Promocional;18/05/2021;2021;5;mai;terça-feira;1250,6;57;9318;64986;21,94
LinkedIn Ads;Promocional;19/05/2021;2021;5;mai;quarta-feira;833,51;21;2050;31818;39,69
Facebook Ads;Institucional;20/05/2021;2021;5;mai;quinta-feira;1424,16;97;701;68537;14,68
Instagram Ads;Promocional;21/05/2021;2021;5;mai;sexta-feira;1362,32;61;6318;90854;22,33
Google Search;Institucional;22/05/2021;2021;5;mai;sábado;548,69;41;5230;83664;13,38
LinkedIn Ads;Institucional;23/05/2021;2021;5;mai;domingo;753,64;99;2336;11058;7,61
LinkedIn Ads;Institucional;24/05/2021;2021;5;mai;segunda-feira;946,14;41;8423;39098;23,08
Facebook Ads;Promocional;25/05/2021;2021;5;mai;terça-feira;604,63;23;3773;34500;26,29
Facebook Ads;Institucional;26/05/2021;2021;5;mai;quarta-feira;848,48;52;8577;54102;16,32
Google Search;Promocional;27/05/2021;2021;5;mai;quinta-feira;1240,1;23;3929;86931;53,92
Instagram Ads;Institucional;28/05/2021;2021;5;mai;sexta-feira;1180,51;72;264;34443;16,4
Facebook Ads;Institucional;29/05/2021;2021;5;mai;sábado;1122,38;41;5679;70364;27,38
LinkedIn Ads;Promocional;30/05/2021;2021;5;mai;domingo;1210,53;60;1024;11703;20,18
LinkedIn Ads;Promocional;31/05/2021;2021;5;mai;segunda-feira;704,92;47;163;75749;15
LinkedIn Ads;Promocional;01/06/2021;2021;6;jun;terça-feira;841,7;15;7194;31273;56,11
LinkedIn Ads;Institucional;02/06/2021;2021;6;jun;quarta-feira;1176,24;36;5310;75280;32,67
LinkedIn Ads;Promocional;03/06/2021;2021;6;jun;quinta-feira;1379,23;65;5999;87931;21,22
Instagram Ads;Promocional;04/06/2021;2021;6;jun;sexta-feira;1043,68;94;2996;54962;11,1
LinkedIn Ads;Institucional;05/06/2021;2021;6;jun;sábado;782,7;42;9878;44173;18,64
Instagram Ads;Promocional;06/06/2021;2021;6;jun;domingo;530,24;0;6815;81536;0
Instagram Ads;Institucional;07/06/2021;2021;6;jun;segunda-feira;1210,34;83;3713;45371;14,58
LinkedIn Ads;Institucional;08/06/2021;2021;6;jun;terça-feira;507,88;6;2307;78261;84,65
Google Search;Promocional;09/06/2021;2021;6;jun;quarta-feira;872,68;93;259;55038;9,38
LinkedIn Ads;Institucional;10/06/2021;2021;6;jun;quinta-feira;1030,54;67;9570;87931;15,38
Instagram Ads;Promocional;11/06/2021;2021;6;jun;sexta-feira;1422,11;31;5236;22074;45,87
LinkedIn Ads;Promocional;12/06/2021;2021;6;jun;sábado;589,49;29;8356;21763;20,33
Facebook Ads;Institucional;13/06/2021;2021;6;jun;domingo;905,94;16;6570;13764;56,62
Facebook Ads;Promocional;14/06/2021;2021;6;jun;segunda-feira;524,31;67;5353;26839;7,83
Google Search;Promocional;15/06/2021;2021;6;jun;terça-feira;842,61;26;2181;31597;32,41
LinkedIn Ads;Promocional;16/06/2021;2021;6;jun;quarta-feira;1122,23;6;9215;57105;187,04
Facebook Ads;Institucional;17/06/2021;2021;6;jun;quinta-feira;779,07;11;8886;84072;70,82
Instagram Ads;Institucional;18/06/2021;2021;6;jun;sexta-feira;709,75;81;3331;90197;8,76
Facebook Ads;Promocional;19/06/2021;2021;6;jun;sábado;615,7;55;670;56998;11,19
Google Search;Promocional;20/06/2021;2021;6;jun;domingo;1077,14;43;1241;69072;25,05
Instagram Ads;Promocional;21/06/2021;2021;6;jun;segunda-feira;1195,27;67;652;80130;17,84
Instagram Ads;Promocional;22/06/2021;2021;6;jun;terça-feira;1171,96;20;7684;52947;58,6
Google Search;Institucional;23/06/2021;2021;6;jun;quarta-feira;1448,86;91;4300;31958;15,92
Facebook Ads;Promocional;24/06/2021;2021;6;jun;quinta-feira;502,7;92;4810;56132;5,46
Instagram Ads;Promocional;25/06/2021;2021;6;jun;sexta-feira;1147,2;14;427;50512;81,94
Facebook Ads;Institucional;26/06/2021;2021;6;jun;sábado;1100,39;14;4334;56856;78,6
Instagram Ads;Promocional;27/06/2021;2021;6;jun;domingo;1088,74;80;2803;33320;13,61
Google Search;Promocional;28/06/2021;2021;6;jun;segunda-feira;1462,77;99;8235;64342;14,78
LinkedIn Ads;Promocional;29/06/2021;2021;6;jun;terça-feira;516,87;63;9990;76661;8,2
Facebook Ads;Institucional;30/06/2021;2021;6;jun;quarta-feira;1196,48;43;711;87639;27,83
Google Search;Institucional;01/07/2021;2021;7;jul;quinta-feira;1313,68;27;8755;69827;48,65
LinkedIn Ads;Institucional;02/07/2021;2021;7;jul;sexta-feira;1009,81;87;674;86586;11,61
LinkedIn Ads;Promocional;03/07/2021;2021;7;jul;sábado;833,96;20;8978;90517;41,7
LinkedIn Ads;Institucional;04/07/2021;2021;7;jul;domingo;1290,84;23;2;46773;56,12
Google Search;Promocional;05/07/2021;2021;7;jul;segunda-feira;597,24;34;7846;64148;17,57
Instagram Ads;Promocional;06/07/2021;2021;7;jul;terça-feira;942,04;32;3340;68108;29,44
Google Search;Institucional;07/07/2021;2021;7;jul;quarta-feira;1019,95;65;1600;15887;15,69
Facebook Ads;Promocional;08/07/2021;2021;7;jul;quinta-feira;1193,96;22;4990;53966;54,27
LinkedIn Ads;Promocional;09/07/2021;2021;7;jul;sexta-feira;590,89;21;764;78620;28,14
Instagram Ads;Promocional;10/07/2021;2021;7;jul;sábado;727,76;57;1795;29216;12,77
Instagram Ads;Promocional;11/07/2021;2021;7;jul;domingo;910,3;68;2010;91081;13,39
Google Search;Promocional;12/07/2021;2021;7;jul;segunda-feira;1123,29;45;4227;91477;24,96
Instagram Ads;Institucional;13/07/2021;2021;7;jul;terça-feira;1386,96;39;9446;91933;35,56
Google Search;Promocional;14/07/2021;2021;7;jul;quarta-feira;1118,83;24;3718;11803;46,62
Instagram Ads;Promocional;15/07/2021;2021;7;jul;quinta-feira;633,46;86;6548;12410;7,37
LinkedIn Ads;Promocional;16/07/2021;2021;7;jul;sexta-feira;1480,58;17;4922;42039;87,09
Facebook Ads;Institucional;17/07/2021;2021;7;jul;sábado;1371,79;52;981;48144;26,38
Google Search;Institucional;18/07/2021;2021;7;jul;domingo;1002,72;90;8367;59560;11,14
Facebook Ads;Institucional;19/07/2021;2021;7;jul;segunda-feira;1422,35;8;9727;78464;177,79
Facebook Ads;Institucional;20/07/2021;2021;7;jul;terça-feira;1041,38;5;3764;82347;208,28
Facebook Ads;Institucional;21/07/2021;2021;7;jul;quarta-feira;1423,31;97;3642;68231;14,67
Instagram Ads;Institucional;22/07/2021;2021;7;jul;quinta-feira;1329,9;86;4206;86446;15,46
LinkedIn Ads;Promocional;23/07/2021;2021;7;jul;sexta-feira;1468,29;82;5714;33516;17,91
LinkedIn Ads;Promocional;24/07/2021;2021;7;jul;sábado;1419,78;10;7658;52392;141,98
Facebook Ads;Institucional;25/07/2021;2021;7;jul;domingo;536,03;62;4165;48655;8,65
Facebook Ads;Promocional;26/07/2021;2021;7;jul;segunda-feira;674,77;29;7257;21134;23,27
LinkedIn Ads;Promocional;27/07/2021;2021;7;jul;terça-feira;889,13;11;493;23406;80,83
Instagram Ads;Promocional;28/07/2021;2021;7;jul;quarta-feira;1452,14;30;5400;84094;48,4
Instagram Ads;Promocional;29/07/2021;2021;7;jul;quinta-feira;800,03;71;4452;82352;11,27
Google Search;Institucional;30/07/2021;2021;7;jul;sexta-feira;660,47;58;889;40190;11,39
LinkedIn Ads;Promocional;31/07/2021;2021;7;jul;sábado;1386,3;94;5197;47512;14,75
LinkedIn Ads;Institucional;01/08/2021;2021;8;ago;domingo;946,39;42;9740;91411;22,53
LinkedIn Ads;Institucional;02/08/2021;2021;8;ago;segunda-feira;1407,88;85;1137;65988;16,56
Instagram Ads;Promocional;03/08/2021;2021;8;ago;terça-feira;660,23;71;2609;81886;9,3
Instagram Ads;Institucional;04/08/2021;2021;8;ago;quarta-feira;1161,12;25;8323;89676;46,44
Google Search;Promocional;05/08/2021;2021;8;ago;quinta-feira;940,26;54;5024;15860;17,41
LinkedIn Ads;Institucional;06/08/2021;2021;8;ago;sexta-feira;576,49;83;3187;19019;6,95
Google Search;Promocional;07/08/2021;2021;8;ago;sábado;1196,46;25;1713;60641;47,86
LinkedIn Ads;Promocional;08/08/2021;2021;8;ago;domingo;747,4;45;3811;19147;16,61
LinkedIn Ads;Institucional;09/08/2021;2021;8;ago;segunda-feira;539,62;3;75;93288;179,87
LinkedIn Ads;Promocional;10/08/2021;2021;8;ago;terça-feira;559,94;84;3089;77672;6,67
Google Search;Institucional;11/08/2021;2021;8;ago;quarta-feira;561,08;83;68;56322;6,76
Facebook Ads;Promocional;12/08/2021;2021;8;ago;quinta-feira;1407,73;37;6447;87633;38,05
Instagram Ads;Institucional;13/08/2021;2021;8;ago;sexta-feira;1239,88;33;330;90903;37,57
Instagram Ads;Institucional;14/08/2021;2021;8;ago;sábado;1398,06;60;6566;76646;23,3
Google Search;Institucional;15/08/2021;2021;8;ago;domingo;1172,58;89;6772;81468;13,18
Google Search;Institucional;16/08/2021;2021;8;ago;segunda-feira;1028,94;7;3317;63455;146,99
Instagram Ads;Promocional;17/08/2021;2021;8;ago;terça-feira;804,45;60;870;62256;13,41
LinkedIn Ads;Institucional;18/08/2021;2021;8;ago;quarta-feira;1497,96;37;1572;13405;40,49
Google Search;Institucional;19/08/2021;2021;8;ago;quinta-feira;862,19;84;5597;84151;10,26
LinkedIn Ads;Promocional;20/08/2021;2021;8;ago;sexta-feira;970,65;98;8739;60622;9,9
Instagram Ads;Promocional;21/08/2021;2021;8;ago;sábado;878,25;16;3527;62836;54,89
Instagram Ads;Promocional;22/08/2021;2021;8;ago;domingo;1479,53;45;960;17142;32,88
Instagram Ads;Promocional;23/08/2021;2021;8;ago;segunda-feira;674,66;39;1032;36907;17,3
LinkedIn Ads;Promocional;24/08/2021;2021;8;ago;terça-feira;827,99;33;3011;64202;25,09
Google Search;Institucional;25/08/2021;2021;8;ago;quarta-feira;1180,35;97;3068;81266;12,17
Instagram Ads;Institucional;26/08/2021;2021;8;ago;quinta-feira;563,21;65;3463;76925;8,66
LinkedIn Ads;Institucional;27/08/2021;2021;8;ago;sexta-feira;1107,25;73;7629;29887;15,17
LinkedIn Ads;Institucional;28/08/2021;2021;8;ago;sábado;977,65;87;82;11945;11,24
Facebook Ads;Institucional;29/08/2021;2021;8;ago;domingo;784;68;9745;46080;11,53
Instagram Ads;Promocional;30/08/2021;2021;8;ago;segunda-feira;738,41;24;3843;53673;30,77
Google Search;Promocional;31/08/2021;2021;8;ago;terça-feira;1014,51;6;7432;54480;169,08
Instagram Ads;Promocional;01/09/2021;2021;9;set;quarta-feira;867,93;97;8239;50437;8,95
Facebook Ads;Promocional;02/09/2021;2021;9;set;quinta-feira;956,52;60;1795;99834;15,94
Instagram Ads;Institucional;03/09/2021;2021;9;set;sexta-feira;837,48;88;4396;73076;9,52
Facebook Ads;Promocional;04/09/2021;2021;9;set;sábado;1470,49;61;2123;54439;24,11
Facebook Ads;Promocional;05/09/2021;2021;9;set;domingo;633,44;59;6449;84993;10,74
Instagram Ads;Institucional;06/09/2021;2021;9;set;segunda-feira;596,8;74;9266;81976;8,06
Google Search;Promocional;07/09/2021;2021;9;set;terça-feira;843,39;29;9387;84278;29,08
Instagram Ads;Institucional;08/09/2021;2021;9;set;quarta-feira;1091,03;28;4815;94517;38,97
LinkedIn Ads;Promocional;09/09/2021;2021;9;set;quinta-feira;1159,18;24;3174;36052;48,3
LinkedIn Ads;Institucional;10/09/2021;2021;9;set;sexta-feira;897,26;3;4670;63078;299,09
Facebook Ads;Institucional;11/09/2021;2021;9;set;sábado;1499,28;82;7651;46796;18,28
LinkedIn Ads;Promocional;12/09/2021;2021;9;set;domingo;851,89;21;6482;78858;40,57
Instagram Ads;Promocional;13/09/2021;2021;9;set;segunda-feira;1221,41;6;3390;87105;203,57
LinkedIn Ads;Promocional;14/09/2021;2021;9;set;terça-feira;1137,58;84;1397;62551;13,54
Instagram Ads;Promocional;15/09/2021;2021;9;set;quarta-feira;1313,05;21;2467;69097;62,53
LinkedIn Ads;Promocional;16/09/2021;2021;9;set;quinta-feira;1476,23;27;924;11445;54,68
Google Search;Institucional;17/09/2021;2021;9;set;sexta-feira;1389,79;26;5051;61103;53,45
LinkedIn Ads;Institucional;18/09/2021;2021;9;set;sábado;1264,56;89;6369;63988;14,21
Facebook Ads;Promocional;19/09/2021;2021;9;set;domingo;1198,25;64;5209;12993;18,72
Google Search;Promocional;20/09/2021;2021;9;set;segunda-feira;835,5;3;458;20159;278,5
Google Search;Promocional;21/09/2021;2021;9;set;terça-feira;647,69;53;1537;81989;12,22
Instagram Ads;Promocional;22/09/2021;2021;9;set;quarta-feira;562,64;37;7573;69016;15,21
Instagram Ads;Institucional;23/09/2021;2021;9;set;quinta-feira;741,9;7;5017;44578;105,99
Facebook Ads;Promocional;24/09/2021;2021;9;set;sexta-feira;932,28;80;3722;25316;11,65
Facebook Ads;Promocional;25/09/2021;2021;9;set;sábado;1022;75;2680;25385;13,63
Facebook Ads;Promocional;26/09/2021;2021;9;set;domingo;1273,08;11;1449;75959;115,73
Facebook Ads;Promocional;27/09/2021;2021;9;set;segunda-feira;1458,74;2;2258;23521;729,37
Google Search;Promocional;28/09/2021;2021;9;set;terça-feira;617,32;54;5332;80659;11,43
Facebook Ads;Institucional;29/09/2021;2021;9;set;quarta-feira;607;5;1671;40746;121,4
LinkedIn Ads;Institucional;30/09/2021;2021;9;set;quinta-feira;1089,69;17;8504;14533;64,1
LinkedIn Ads;Institucional;01/10/2021;2021;10;out;sexta-feira;1245,4;78;8533;21375;15,97
LinkedIn Ads;Promocional;02/10/2021;2021;10;out;sábado;1348,15;5;5550;28392;269,63
Facebook Ads;Promocional;03/10/2021;2021;10;out;domingo;1435,83;78;5331;19471;18,41
LinkedIn Ads;Promocional;04/10/2021;2021;10;out;segunda-feira;1483,43;81;9690;75535;18,31
Instagram Ads;Promocional;05/10/2021;2021;10;out;terça-feira;899,8;30;9911;80001;29,99
Google Search;Promocional;06/10/2021;2021;10;out;quarta-feira;880,34;98;3462;39150;8,98
Facebook Ads;Institucional;07/10/2021;2021;10;out;quinta-feira;647,81;3;1416;22915;215,94
Google Search;Promocional;08/10/2021;2021;10;out;sexta-feira;1184,93;0;7164;26825;0
Instagram Ads;Promocional;09/10/2021;2021;10;out;sábado;1156,76;93;6869;39761;12,44
Google Search;Institucional;10/10/2021;2021;10;out;domingo;1362,06;44;4335;25978;30,96
Google Search;Institucional;11/10/2021;2021;10;out;segunda-feira;597,26;44;677;19042;13,57
Facebook Ads;Promocional;12/10/2021;2021;10;out;terça-feira;997,78;61;5059;98391;16,36
Google Search;Promocional;13/10/2021;2021;10;out;quarta-feira;1081,08;0;686;45397;0
Facebook Ads;Promocional;14/10/2021;2021;10;out;quinta-feira;741,56;17;744;36213;43,62
Instagram Ads;Promocional;15/10/2021;2021;10;out;sexta-feira;669,03;29;425;54245;23,07
LinkedIn Ads;Promocional;16/10/2021;2021;10;out;sábado;1359,58;91;860;57192;14,94
Facebook Ads;Institucional;17/10/2021;2021;10;out;domingo;558,53;34;3135;18798;16,43
Instagram Ads;Institucional;18/10/2021;2021;10;out;segunda-feira;970,62;59;5177;38353;16,45
Instagram Ads;Institucional;19/10/2021;2021;10;out;terça-feira;615,83;21;9207;55272;29,33
Facebook Ads;Promocional;20/10/2021;2021;10;out;quarta-feira;957,06;63;7780;75901;15,19
Facebook Ads;Promocional;21/10/2021;2021;10;out;quinta-feira;1479,96;94;6695;32319;15,74
Google Search;Promocional;22/10/2021;2021;10;out;sexta-feira;923,71;17;4801;51476;54,34
Facebook Ads;Promocional;23/10/2021;2021;10;out;sábado;1357,12;38;9651;69456;35,71
LinkedIn Ads;Institucional;24/10/2021;2021;10;out;domingo;617,32;79;701;93364;7,81
LinkedIn Ads;Promocional;25/10/2021;2021;10;out;segunda-feira;771,25;1;5829;46412;771,25
LinkedIn Ads;Promocional;26/10/2021;2021;10;out;terça-feira;903,79;15;9146;86983;60,25
Instagram Ads;Promocional;27/10/2021;2021;10;out;quarta-feira;899,81;86;8543;43236;10,46
LinkedIn Ads;Institucional;28/10/2021;2021;10;out;quinta-feira;1171,38;17;936;97741;68,9
LinkedIn Ads;Promocional;29/10/2021;2021;10;out;sexta-feira;844,72;53;2741;43814;15,94
Google Search;Institucional;30/10/2021;2021;10;out;sábado;1213,77;22;2567;64092;55,17
Facebook Ads;Institucional;31/10/2021;2021;10;out;domingo;1139,19;77;8547;73805;14,79
Google Search;Promocional;01/11/2021;2021;11;nov;segunda-feira;899,16;47;8901;73655;19,13
Google Search;Promocional;02/11/2021;2021;11;nov;terça-feira;931,76;66;8873;17865;14,12
Instagram Ads;Institucional;03/11/2021;2021;11;nov;quarta-feira;1114,53;11;8988;66660;101,32
Instagram Ads;Institucional;04/11/2021;2021;11;nov;quinta-feira;570,04;9;7414;51364;63,34
Instagram Ads;Institucional;05/11/2021;2021;11;nov;sexta-feira;1322,41;40;7034;37066;33,06
Facebook Ads;Institucional;06/11/2021;2021;11;nov;sábado;1153,42;54;2901;55514;21,36
Instagram Ads;Promocional;07/11/2021;2021;11;nov;domingo;1226,34;51;4875;96360;24,05
LinkedIn Ads;Promocional;08/11/2021;2021;11;nov;segunda-feira;1036,92;47;4611;50139;22,06
Google Search;Promocional;09/11/2021;2021;11;nov;terça-feira;610,48;4;2322;17061;152,62
Instagram Ads;Promocional;10/11/2021;2021;11;nov;quarta-feira;905,04;10;6051;87236;90,5
Google Search;Promocional;11/11/2021;2021;11;nov;quinta-feira;905,37;6;8238;22813;150,9
Instagram Ads;Promocional;12/11/2021;2021;11;nov;sexta-feira;821,04;44;9327;17979;18,66
LinkedIn Ads;Institucional;13/11/2021;2021;11;nov;sábado;529,95;72;6299;89829;7,36
Google Search;Promocional;14/11/2021;2021;11;nov;domingo;1237,25;8;9270;16365;154,66
Facebook Ads;Institucional;15/11/2021;2021;11;nov;segunda-feira;609,78;72;6767;19225;8,47
Google Search;Promocional;16/11/2021;2021;11;nov;terça-feira;1106,31;18;2451;43334;61,46
Google Search;Promocional;17/11/2021;2021;11;nov;quarta-feira;1203,22;2;7751;31336;601,61
LinkedIn Ads;Institucional;18/11/2021;2021;11;nov;quinta-feira;1134,79;69;6142;37319;16,45
Facebook Ads;Institucional;19/11/2021;2021;11;nov;sexta-feira;1459,14;93;940;41204;15,69
Facebook Ads;Promocional;20/11/2021;2021;11;nov;sábado;603,3;29;9838;64906;20,8
Instagram Ads;Promocional;21/11/2021;2021;11;nov;domingo;1367,17;27;2722;19015;50,64
Instagram Ads;Institucional;22/11/2021;2021;11;nov;segunda-feira;529,19;17;4471;63432;31,13
Facebook Ads;Promocional;23/11/2021;2021;11;nov;terça-feira;1034,92;58;9120;16420;17,84
Facebook Ads;Institucional;24/11/2021;2021;11;nov;quarta-feira;904,24;11;4307;58549;82,2
Facebook Ads;Institucional;25/11/2021;2021;11;nov;quinta-feira;1024,18;49;1447;58957;20,9
Instagram Ads;Promocional;26/11/2021;2021;11;nov;sexta-feira;865,1;72;4510;30462;12,02
Instagram Ads;Promocional;27/11/2021;2021;11;nov;sábado;690,57;88;3295;77027;7,85
LinkedIn Ads;Institucional;28/11/2021;2021;11;nov;domingo;519,12;3;1903;87608;173,04
Facebook Ads;Institucional;29/11/2021;2021;11;nov;segunda-feira;1018,15;11;1128;19598;92,56
LinkedIn Ads;Institucional;30/11/2021;2021;11;nov;terça-feira;1342,78;57;6513;88117;23,56
Facebook Ads;Institucional;01/12/2021;2021;12;dez;quarta-feira;873,22;50;8895;23955;17,46
LinkedIn Ads;Institucional;02/12/2021;2021;12;dez;quinta-feira;722,86;15;5239;74980;48,19
Google Search;Institucional;03/12/2021;2021;12;dez;sexta-feira;580,53;57;7469;21174;10,18
Facebook Ads;Promocional;04/12/2021;2021;12;dez;sábado;585,31;3;2231;25529;195,1
LinkedIn Ads;Promocional;05/12/2021;2021;12;dez;domingo;721,4;60;8054;42492;12,02
Instagram Ads;Promocional;06/12/2021;2021;12;dez;segunda-feira;600,01;39;869;79111;15,38
Instagram Ads;Institucional;07/12/2021;2021;12;dez;terça-feira;765,04;85;3541;20562;9
LinkedIn Ads;Institucional;08/12/2021;2021;12;dez;quarta-feira;566,15;29;7830;30123;19,52
Facebook Ads;Institucional;09/12/2021;2021;12;dez;quinta-feira;565,6;53;5531;14590;10,67
Instagram Ads;Promocional;10/12/2021;2021;12;dez;sexta-feira;1356,28;67;8045;18435;20,24
LinkedIn Ads;Institucional;11/12/2021;2021;12;dez;sábado;662,12;56;1059;33781;11,82
LinkedIn Ads;Institucional;12/12/2021;2021;12;dez;domingo;1059,68;75;4973;11144;14,13
Facebook Ads;Institucional;13/12/2021;2021;12;dez;segunda-feira;1273,46;79;7971;20396;16,12
Google Search;Promocional;14/12/2021;2021;12;dez;terça-feira;956,41;45;4712;76492;21,25
Instagram Ads;Promocional;15/12/2021;2021;12;dez;quarta-feira;653,37;90;7363;70207;7,26
LinkedIn Ads;Institucional;16/12/2021;2021;12;dez;quinta-feira;699,6;79;3228;25257;8,86
Instagram Ads;Promocional;17/12/2021;2021;12;dez;sexta-feira;932,98;97;7931;32986;9,62
LinkedIn Ads;Promocional;18/12/2021;2021;12;dez;sábado;1028,23;11;299;71671;93,48
Facebook Ads;Institucional;19/12/2021;2021;12;dez;domingo;849,44;5;9859;72920;169,89
Facebook Ads;Promocional;20/12/2021;2021;12;dez;segunda-feira;1281,48;30;3979;19681;42,72
Instagram Ads;Institucional;21/12/2021;2021;12;dez;terça-feira;1251,02;58;9686;21481;21,57
Facebook Ads;Promocional;22/12/2021;2021;12;dez;quarta-feira;1427,21;68;1770;35351;20,99
Instagram Ads;Promocional;23/12/2021;2021;12;dez;quinta-feira;528,95;59;8324;71363;8,97
Google Search;Promocional;24/12/2021;2021;12;dez;sexta-feira;1395,69;32;9885;68653;43,62
LinkedIn Ads;Promocional;25/12/2021;2021;12;dez;sábado;892,57;37;316;26809;24,12
Google Search;Institucional;26/12/2021;2021;12;dez;domingo;1378,37;43;6572;11313;32,06
Instagram Ads;Promocional;27/12/2021;2021;12;dez;segunda-feira;1190,78;60;8194;10120;19,85
Facebook Ads;Institucional;28/12/2021;2021;12;dez;terça-feira;1487,35;45;1093;40218;33,05
Instagram Ads;Promocional;29/12/2021;2021;12;dez;quarta-feira;1259,28;29;9775;64831;43,42
Facebook Ads;Promocional;30/12/2021;2021;12;dez;quinta-feira;864,54;27;9420;76946;32,02
Instagram Ads;Institucional;31/12/2021;2021;12;dez;sexta-feira;1001,06;27;1681;45219;37,08
Google Search;Promocional;01/01/2022;2022;1;jan;sábado;876,39;29;2127;76007;30,22
LinkedIn Ads;Institucional;02/01/2022;2022;1;jan;domingo;864,91;72;5016;30078;12,01
LinkedIn Ads;Promocional;03/01/2022;2022;1;jan;segunda-feira;760,9;75;7784;17124;10,15
Google Search;Institucional;04/01/2022;2022;1;jan;terça-feira;995,97;97;9731;59210;10,27
Google Search;Promocional;05/01/2022;2022;1;jan;quarta-feira;1181,74;78;3772;76956;15,15
Google Search;Promocional;06/01/2022;2022;1;jan;quinta-feira;777,34;38;2416;52668;20,46
Instagram Ads;Institucional;07/01/2022;2022;1;jan;sexta-feira;1024,38;11;1183;29279;93,13
Google Search;Promocional;08/01/2022;2022;1;jan;sábado;617,38;74;7987;82101;8,34
LinkedIn Ads;Institucional;09/01/2022;2022;1;jan;domingo;659,85;89;97;63656;7,41
Facebook Ads;Institucional;10/01/2022;2022;1;jan;segunda-feira;546,81;32;1895;11709;17,09
LinkedIn Ads;Promocional;11/01/2022;2022;1;jan;terça-feira;1470,73;50;9534;67524;29,41
Google Search;Promocional;12/01/2022;2022;1;jan;quarta-feira;503,86;40;7816;63076;12,6
Facebook Ads;Institucional;13/01/2022;2022;1;jan;quinta-feira;678,58;70;7299;68234;9,69
LinkedIn Ads;Institucional;14/01/2022;2022;1;jan;sexta-feira;1112,87;30;6251;74188;37,1
LinkedIn Ads;Institucional;15/01/2022;2022;1;jan;sábado;581,37;22;8361;18583;26,43
LinkedIn Ads;Institucional;16/01/2022;2022;1;jan;domingo;1381,9;75;5430;36478;18,43
Google Search;Institucional;17/01/2022;2022;1;jan;segunda-feira;1219,62;35;4377;98852;34,85
Facebook Ads;Institucional;18/01/2022;2022;1;jan;terça-feira;1466,39;84;3949;32791;17,46
Google Search;Promocional;19/01/2022;2022;1;jan;quarta-feira;1007,64;68;71;59956;14,82
Instagram Ads;Promocional;20/01/2022;2022;1;jan;quinta-feira;800,4;63;3816;41855;12,7
Google Search;Institucional;21/01/2022;2022;1;jan;sexta-feira;1049,5;4;9151;64921;262,38
Google Search;Institucional;22/01/2022;2022;1;jan;sábado;1430,82;49;5469;64469;29,2
Instagram Ads;Institucional;23/01/2022;2022;1;jan;domingo;1020,76;29;8958;31785;35,2
Google Search;Institucional;24/01/2022;2022;1;jan;segunda-feira;767,21;63;4037;31972;12,18
Instagram Ads;Institucional;25/01/2022;2022;1;jan;terça-feira;1377,4;61;9766;53584;22,58
Facebook Ads;Promocional;26/01/2022;2022;1;jan;quarta-feira;871,92;91;1987;95075;9,58
LinkedIn Ads;Promocional;27/01/2022;2022;1;jan;quinta-feira;501,38;83;1287;17625;6,04
Facebook Ads;Institucional;28/01/2022;2022;1;jan;sexta-feira;747,69;90;370;37774;8,31
Instagram Ads;Promocional;29/01/2022;2022;1;jan;sábado;818,23;26;5015;21351;31,47
Instagram Ads;Promocional;30/01/2022;2022;1;jan;domingo;1358,78;73;3288;11853;18,61
Instagram Ads;Promocional;31/01/2022;2022;1;jan;segunda-feira;958,5;50;4082;87626;19,17
Instagram Ads;Promocional;01/02/2022;2022;2;fev;terça-feira;944,59;95;5427;97666;9,94
Instagram Ads;Promocional;02/02/2022;2022;2;fev;quarta-feira;836,1;94;9912;62249;8,89
Google Search;Institucional;03/02/2022;2022;2;fev;quinta-feira;1380,68;17;9515;30602;81,22
Google Search;Institucional;04/02/2022;2022;2;fev;sexta-feira;1445,03;71;7073;21178;20,35
Instagram Ads;Promocional;05/02/2022;2022;2;fev;sábado;1491,89;56;2922;35296;26,64
Google Search;Institucional;06/02/2022;2022;2;fev;domingo;876,74;35;7888;18232;25,05
Instagram Ads;Promocional;07/02/2022;2022;2;fev;segunda-feira;1466,15;73;4335;99404;20,08
Facebook Ads;Promocional;08/02/2022;2022;2;fev;terça-feira;1291,88;92;6709;42081;14,04
LinkedIn Ads;Institucional;09/02/2022;2022;2;fev;quarta-feira;1175,69;47;9599;70922;25,01
Instagram Ads;Promocional;10/02/2022;2022;2;fev;quinta-feira;744,89;48;9272;74765;15,52
Instagram Ads;Promocional;11/02/2022;2022;2;fev;sexta-feira;716,46;71;5263;65013;10,09
Facebook Ads;Promocional;12/02/2022;2022;2;fev;sábado;666,05;67;336;43193;9,94
Instagram Ads;Institucional;13/02/2022;2022;2;fev;domingo;1422,76;71;4457;29660;20,04
Facebook Ads;Promocional;14/02/2022;2022;2;fev;segunda-feira;794,08;62;9876;84095;12,81
Facebook Ads;Promocional;15/02/2022;2022;2;fev;terça-feira;953,09;72;1451;68648;13,24
Facebook Ads;Institucional;16/02/2022;2022;2;fev;quarta-feira;993,96;37;4505;38869;26,86
Instagram Ads;Promocional;17/02/2022;2022;2;fev;quinta-feira;1278,17;5;128;39705;255,63
Facebook Ads;Promocional;18/02/2022;2022;2;fev;sexta-feira;1344,23;97;6267;32411;13,86
LinkedIn Ads;Promocional;19/02/2022;2022;2;fev;sábado;639,07;55;2471;68265;11,62
Facebook Ads;Institucional;20/02/2022;2022;2;fev;domingo;926,9;92;386;25443;10,07
Instagram Ads;Institucional;21/02/2022;2022;2;fev;segunda-feira;1342,85;46;1222;78986;29,19
Facebook Ads;Promocional;22/02/2022;2022;2;fev;terça-feira;1318,03;38;2947;36519;34,68
Instagram Ads;Institucional;23/02/2022;2022;2;fev;quarta-feira;602,41;49;8973;44226;12,29
LinkedIn Ads;Promocional;24/02/2022;2022;2;fev;quinta-feira;656,38;8;884;14729;82,05
Instagram Ads;Promocional;25/02/2022;2022;2;fev;sexta-feira;804,2;65;7499;89728;12,37
Instagram Ads;Promocional;26/02/2022;2022;2;fev;sábado;575,36;66;8048;79129;8,72
LinkedIn Ads;Institucional;27/02/2022;2022;2;fev;domingo;924,66;62;656;65721;14,91
LinkedIn Ads;Institucional;28/02/2022;2022;2;fev;segunda-feira;607,62;16;1214;54007;37,98
Instagram Ads;Promocional;01/03/2022;2022;3;mar;terça-feira;1068,22;61;7560;74887;17,51
Google Search;Promocional;02/03/2022;2022;3;mar;quarta-feira;746,56;66;8219;92730;11,31
Facebook Ads;Promocional;03/03/2022;2022;3;mar;quinta-feira;1096,43;11;4998;57166;99,68
LinkedIn Ads;Promocional;04/03/2022;2022;3;mar;sexta-feira;617,53;31;4650;33495;19,92
Instagram Ads;Institucional;05/03/2022;2022;3;mar;sábado;1475,88;10;2692;53995;147,59
Facebook Ads;Institucional;06/03/2022;2022;3;mar;domingo;1432,56;20;7144;72077;71,63
Facebook Ads;Institucional;07/03/2022;2022;3;mar;segunda-feira;891,8;14;3817;61030;63,7
Google Search;Promocional;08/03/2022;2022;3;mar;terça-feira;742,18;52;8591;94000;14,27
LinkedIn Ads;Promocional;09/03/2022;2022;3;mar;quarta-feira;750,4;71;1980;82130;10,57
LinkedIn Ads;Institucional;10/03/2022;2022;3;mar;quinta-feira;983,39;29;7717;71848;33,91
Google Search;Institucional;11/03/2022;2022;3;mar;sexta-feira;539,99;5;4614;15774;108
Google Search;Institucional;12/03/2022;2022;3;mar;sábado;1139,71;14;2874;53553;81,41
Facebook Ads;Promocional;13/03/2022;2022;3;mar;domingo;908,3;79;1945;67472;11,5
Facebook Ads;Institucional;14/03/2022;2022;3;mar;segunda-feira;877,41;51;1612;64168;17,2
Instagram Ads;Promocional;15/03/2022;2022;3;mar;terça-feira;1309,36;32;4146;35650;40,92
Facebook Ads;Institucional;16/03/2022;2022;3;mar;quarta-feira;1209,04;23;177;98358;52,57
Google Search;Institucional;17/03/2022;2022;3;mar;quinta-feira;1454,33;91;1436;67143;15,98
Facebook Ads;Institucional;18/03/2022;2022;3;mar;sexta-feira;851,94;6;9210;60447;141,99
Google Search;Promocional;19/03/2022;2022;3;mar;sábado;1397,54;73;2497;91946;19,14
Google Search;Institucional;20/03/2022;2022;3;mar;domingo;1269,97;65;3692;85671;19,54
Google Search;Institucional;21/03/2022;2022;3;mar;segunda-feira;857,42;75;9266;56776;11,43
Google Search;Institucional;22/03/2022;2022;3;mar;terça-feira;1121,67;87;2439;32288;12,89
Google Search;Institucional;23/03/2022;2022;3;mar;quarta-feira;788,57;70;2736;20578;11,27
Google Search;Promocional;24/03/2022;2022;3;mar;quinta-feira;1374,4;40;4590;92861;34,36
Google Search;Promocional;25/03/2022;2022;3;mar;sexta-feira;612,43;60;1174;34225;10,21
Facebook Ads;Promocional;26/03/2022;2022;3;mar;sábado;712,43;36;782;24723;19,79
LinkedIn Ads;Institucional;27/03/2022;2022;3;mar;domingo;683,03;12;8511;42314;56,92
Facebook Ads;Institucional;28/03/2022;2022;3;mar;segunda-feira;903,03;35;1877;62070;25,8
Instagram Ads;Promocional;29/03/2022;2022;3;mar;terça-feira;1245,23;62;4660;79703;20,08
LinkedIn Ads;Institucional;30/03/2022;2022;3;mar;quarta-feira;1026,91;69;391;36681;14,88
LinkedIn Ads;Promocional;31/03/2022;2022;3;mar;quinta-feira;987,68;62;3108;93416;15,93
Instagram Ads;Promocional;01/04/2022;2022;4;abr;sexta-feira;500,55;58;7878;25870;8,63
Instagram Ads;Promocional;02/04/2022;2022;4;abr;sábado;925,4;76;2452;57164;12,18
Google Search;Promocional;03/04/2022;2022;4;abr;domingo;563,55;18;2598;76099;31,31
Facebook Ads;Institucional;04/04/2022;2022;4;abr;segunda-feira;708,25;0;6532;58856;0
LinkedIn Ads;Institucional;05/04/2022;2022;4;abr;terça-feira;1432,39;1;9954;76816;1432,39
Facebook Ads;Promocional;06/04/2022;2022;4;abr;quarta-feira;715,4;84;251;41501;8,52
Facebook Ads;Institucional;07/04/2022;2022;4;abr;quinta-feira;1358,34;77;8974;35625;17,64
Instagram Ads;Promocional;08/04/2022;2022;4;abr;sexta-feira;1302,89;90;4839;19307;14,48
Google Search;Institucional;09/04/2022;2022;4;abr;sábado;659,15;21;6159;90175;31,39
Facebook Ads;Promocional;10/04/2022;2022;4;abr;domingo;1105,71;78;7640;20565;14,18
Instagram Ads;Promocional;11/04/2022;2022;4;abr;segunda-feira;615,66;13;8846;95485;47,36
LinkedIn Ads;Institucional;12/04/2022;2022;4;abr;terça-feira;1227,89;67;6026;89895;18,33
LinkedIn Ads;Promocional;13/04/2022;2022;4;abr;quarta-feira;1137,46;17;4854;42691;66,91
LinkedIn Ads;Promocional;14/04/2022;2022;4;abr;quinta-feira;1311,94;5;7428;37062;262,39
LinkedIn Ads;Promocional;15/04/2022;2022;4;abr;sexta-feira;979,38;26;564;36061;37,67
Instagram Ads;Institucional;16/04/2022;2022;4;abr;sábado;1414,86;63;3893;15645;22,46
Facebook Ads;Institucional;17/04/2022;2022;4;abr;domingo;549,35;27;9693;70482;20,35
Facebook Ads;Institucional;18/04/2022;2022;4;abr;segunda-feira;792,89;41;835;21768;19,34
Facebook Ads;Institucional;19/04/2022;2022;4;abr;terça-feira;1215,05;13;9434;86417;93,47
Facebook Ads;Institucional;20/04/2022;2022;4;abr;quarta-feira;918,11;45;3452;14077;20,4
Facebook Ads;Promocional;21/04/2022;2022;4;abr;quinta-feira;672,95;48;9986;86340;14,02
LinkedIn Ads;Promocional;22/04/2022;2022;4;abr;sexta-feira;607,21;56;2236;13513;10,84
Instagram Ads;Institucional;23/04/2022;2022;4;abr;sábado;1317,34;58;2557;65292;22,71
Facebook Ads;Institucional;24/04/2022;2022;4;abr;domingo;973,14;17;6679;94494;57,24
Instagram Ads;Institucional;25/04/2022;2022;4;abr;segunda-feira;1382,28;86;6172;58484;16,07
Instagram Ads;Institucional;26/04/2022;2022;4;abr;terça-feira;1233,29;95;3649;68160;12,98
Facebook Ads;Institucional;27/04/2022;2022;4;abr;quarta-feira;909,73;89;1092;58236;10,22
LinkedIn Ads;Institucional;28/04/2022;2022;4;abr;quinta-feira;873,51;92;5156;45377;9,49
Facebook Ads;Institucional;29/04/2022;2022;4;abr;sexta-feira;1015,64;77;9240;54176;13,19
Instagram Ads;Promocional;30/04/2022;2022;4;abr;sábado;1389,06;7;7509;41993;198,44
LinkedIn Ads;Promocional;01/05/2022;2022;5;mai;domingo;1237,28;26;6130;21071;47,59
LinkedIn Ads;Promocional;02/05/2022;2022;5;mai;segunda-feira;505,15;17;7743;29304;29,71
Facebook Ads;Promocional;03/05/2022;2022;5;mai;terça-feira;1194,16;68;1316;54214;17,56
Instagram Ads;Promocional;04/05/2022;2022;5;mai;quarta-feira;1419,51;43;8043;95250;33,01
Facebook Ads;Promocional;05/05/2022;2022;5;mai;quinta-feira;1210,46;47;6569;28976;25,75
Google Search;Promocional;06/05/2022;2022;5;mai;sexta-feira;677,01;94;2961;97737;7,2
Facebook Ads;Institucional;07/05/2022;2022;5;mai;sábado;983,52;92;6431;93270;10,69
LinkedIn Ads;Institucional;08/05/2022;2022;5;mai;domingo;640,32;72;8698;47845;8,89
Facebook Ads;Institucional;09/05/2022;2022;5;mai;segunda-feira;859;58;9842;76204;14,81
Google Search;Promocional;10/05/2022;2022;5;mai;terça-feira;1437,12;27;5100;50603;53,23
Google Search;Promocional;11/05/2022;2022;5;mai;quarta-feira;1423,31;6;178;20417;237,22
Facebook Ads;Promocional;12/05/2022;2022;5;mai;quinta-feira;782,84;7;8976;75284;111,83
Facebook Ads;Institucional;13/05/2022;2022;5;mai;sexta-feira;839,63;53;7964;47636;15,84
Google Search;Institucional;14/05/2022;2022;5;mai;sábado;1100,21;26;3199;34543;42,32
Instagram Ads;Institucional;15/05/2022;2022;5;mai;domingo;1463,2;75;8651;24274;19,51
Google Search;Institucional;16/05/2022;2022;5;mai;segunda-feira;647,8;37;160;32238;17,51
Facebook Ads;Institucional;17/05/2022;2022;5;mai;terça-feira;756,92;93;4569;65627;8,14
Google Search;Promocional;18/05/2022;2022;5;mai;quarta-feira;1373,56;49;4646;45530;28,03
LinkedIn Ads;Institucional;19/05/2022;2022;5;mai;quinta-feira;991,89;20;8524;15314;49,59
LinkedIn Ads;Promocional;20/05/2022;2022;5;mai;sexta-feira;1398,96;93;9280;33116;15,04
Google Search;Institucional;21/05/2022;2022;5;mai;sábado;685,52;56;1174;29924;12,24
Facebook Ads;Promocional;22/05/2022;2022;5;mai;domingo;1032,67;61;6276;44441;16,93
Google Search;Institucional;23/05/2022;2022;5;mai;segunda-feira;826,27;55;1426;45578;15,02
Instagram Ads;Institucional;24/05/2022;2022;5;mai;terça-feira;816,54;92;10;94003;8,88
Google Search;Promocional;25/05/2022;2022;5;mai;quarta-feira;946,88;23;8498;38083;41,17
Google Search;Promocional;26/05/2022;2022;5;mai;quinta-feira;933,08;57;5085;35222;16,37
Google Search;Institucional;27/05/2022;2022;5;mai;sexta-feira;857,35;9;2771;51470;95,26
Google Search;Institucional;28/05/2022;2022;5;mai;sábado;1414,97;0;3;89391;0
Instagram Ads;Institucional;29/05/2022;2022;5;mai;domingo;1231,74;19;7176;80939;64,83
LinkedIn Ads;Institucional;30/05/2022;2022;5;mai;segunda-feira;1227,55;71;7130;22298;17,29
Facebook Ads;Promocional;31/05/2022;2022;5;mai;terça-feira;789,91;50;1618;31168;15,8
Facebook Ads;Institucional;01/06/2022;2022;6;jun;quarta-feira;1077,71;38;7748;23256;28,36
LinkedIn Ads;Promocional;02/06/2022;2022;6;jun;quinta-feira;1279,18;67;6506;78825;19,09
Facebook Ads;Promocional;03/06/2022;2022;6;jun;sexta-feira;1295,59;30;7517;64885;43,19
LinkedIn Ads;Promocional;04/06/2022;2022;6;jun;sábado;844,53;37;3107;22623;22,83
Facebook Ads;Institucional;05/06/2022;2022;6;jun;domingo;1270,87;56;4666;27946;22,69
LinkedIn Ads;Promocional;06/06/2022;2022;6;jun;segunda-feira;1235,89;5;4739;72277;247,18
Facebook Ads;Institucional;07/06/2022;2022;6;jun;terça-feira;641,51;59;2246;73698;10,87
Facebook Ads;Promocional;08/06/2022;2022;6;jun;quarta-feira;1365,95;80;7234;75444;17,07
Facebook Ads;Institucional;09/06/2022;2022;6;jun;quinta-feira;941,32;90;1719;27445;10,46
LinkedIn Ads;Promocional;10/06/2022;2022;6;jun;sexta-feira;986,41;61;6587;57938;16,17
Instagram Ads;Institucional;11/06/2022;2022;6;jun;sábado;948,37;31;5795;65535;30,59
Google Search;Promocional;12/06/2022;2022;6;jun;domingo;1067,85;70;5379;24504;15,26
Google Search;Institucional;13/06/2022;2022;6;jun;segunda-feira;1121,17;89;3058;89081;12,6
Facebook Ads;Promocional;14/06/2022;2022;6;jun;terça-feira;998,18;75;2882;32656;13,31
LinkedIn Ads;Institucional;15/06/2022;2022;6;jun;quarta-feira;1366,79;17;5630;92086;80,4
LinkedIn Ads;Promocional;16/06/2022;2022;6;jun;quinta-feira;1127,73;31;583;71760;36,38
Facebook Ads;Promocional;17/06/2022;2022;6;jun;sexta-feira;901,43;31;3082;19097;29,08
Google Search;Promocional;18/06/2022;2022;6;jun;sábado;916,69;84;5311;46670;10,91
Google Search;Institucional;19/06/2022;2022;6;jun;domingo;1310,84;90;7547;20161;14,56
Google Search;Promocional;20/06/2022;2022;6;jun;segunda-feira;848,19;39;5497;11539;21,75
Instagram Ads;Promocional;21/06/2022;2022;6;jun;terça-feira;711,45;50;8197;60309;14,23
Facebook Ads;Promocional;22/06/2022;2022;6;jun;quarta-feira;559,38;74;7464;76251;7,56
Facebook Ads;Institucional;23/06/2022;2022;6;jun;quinta-feira;1376,03;38;8628;83333;36,21
Facebook Ads;Promocional;24/06/2022;2022;6;jun;sexta-feira;1418,55;68;3521;97334;20,86
Instagram Ads;Institucional;25/06/2022;2022;6;jun;sábado;620,12;39;389;10108;15,9
Google Search;Institucional;26/06/2022;2022;6;jun;domingo;834,47;79;8424;97209;10,56
LinkedIn Ads;Institucional;27/06/2022;2022;6;jun;segunda-feira;675,37;13;1610;81185;51,95
LinkedIn Ads;Institucional;28/06/2022;2022;6;jun;terça-feira;615,9;35;8530;40380;17,6
LinkedIn Ads;Promocional;29/06/2022;2022;6;jun;quarta-feira;1399,87;11;2492;74146;127,26
Facebook Ads;Institucional;30/06/2022;2022;6;jun;quinta-feira;556,88;75;6463;67295;7,43
Google Search;Institucional;01/07/2022;2022;7;jul;sexta-feira;1480,49;54;6779;96838;27,42
Facebook Ads;Institucional;02/07/2022;2022;7;jul;sábado;596,45;36;8489;70092;16,57
Google Search;Institucional;03/07/2022;2022;7;jul;domingo;1363,47;82;5661;37047;16,63
Instagram Ads;Institucional;04/07/2022;2022;7;jul;segunda-feira;1066,51;75;2748;97333;14,22
Facebook Ads;Institucional;05/07/2022;2022;7;jul;terça-feira;867,92;51;4916;95540;17,02
Facebook Ads;Institucional;06/07/2022;2022;7;jul;quarta-feira;842,34;34;4633;42903;24,77
Google Search;Institucional;07/07/2022;2022;7;jul;quinta-feira;1257,36;58;659;67227;21,68
Facebook Ads;Promocional;08/07/2022;2022;7;jul;sexta-feira;814,57;80;8032;65940;10,18
LinkedIn Ads;Promocional;09/07/2022;2022;7;jul;sábado;1157,32;28;9461;19766;41,33
Instagram Ads;Institucional;10/07/2022;2022;7;jul;domingo;1017,33;9;8795;14988;113,04
Google Search;Promocional;11/07/2022;2022;7;jul;segunda-feira;984,97;8;3226;64056;123,12
LinkedIn Ads;Promocional;12/07/2022;2022;7;jul;terça-feira;1401,16;17;7736;24150;82,42
Facebook Ads;Institucional;13/07/2022;2022;7;jul;quarta-feira;1054,65;92;7480;53984;11,46
Google Search;Promocional;14/07/2022;2022;7;jul;quinta-feira;1326,86;25;3868;55904;53,07
LinkedIn Ads;Promocional;15/07/2022;2022;7;jul;sexta-feira;1225,57;94;3031;40432;13,04
Google Search;Promocional;16/07/2022;2022;7;jul;sábado;538,56;59;8658;97452;9,13
LinkedIn Ads;Promocional;17/07/2022;2022;7;jul;domingo;1273,11;94;961;64244;13,54
LinkedIn Ads;Institucional;18/07/2022;2022;7;jul;segunda-feira;716,87;59;6741;73472;12,15
LinkedIn Ads;Institucional;19/07/2022;2022;7;jul;terça-feira;1403,15;58;3362;22552;24,19
Facebook Ads;Institucional;20/07/2022;2022;7;jul;quarta-feira;542,92;18;8797;67109;30,16
Google Search;Promocional;21/07/2022;2022;7;jul;quinta-feira;833,07;12;5869;63648;69,42
Google Search;Promocional;22/07/2022;2022;7;jul;sexta-feira;599,73;1;2018;21349;599,73
Google Search;Promocional;23/07/2022;2022;7;jul;sábado;975,59;27;9758;30746;36,13
LinkedIn Ads;Promocional;24/07/2022;2022;7;jul;domingo;1320,02;10;3867;41112;132
Instagram Ads;Institucional;25/07/2022;2022;7;jul;segunda-feira;798,19;67;391;69877;11,91
Instagram Ads;Promocional;26/07/2022;2022;7;jul;terça-feira;650,93;61;8140;90326;10,67
Instagram Ads;Promocional;27/07/2022;2022;7;jul;quarta-feira;830,27;16;7517;15851;51,89
Facebook Ads;Institucional;28/07/2022;2022;7;jul;quinta-feira;1313,88;27;3748;30218;48,66
LinkedIn Ads;Institucional;29/07/2022;2022;7;jul;sexta-feira;640,38;6;4262;56125;106,73
Google Search;Institucional;30/07/2022;2022;7;jul;sábado;727,36;0;8284;92905;0
Facebook Ads;Promocional;31/07/2022;2022;7;jul;domingo;568,85;7;6359;52644;81,26
Facebook Ads;Promocional;01/08/2022;2022;8;ago;segunda-feira;1205,71;25;9637;67812;48,23
Instagram Ads;Promocional;02/08/2022;2022;8;ago;terça-feira;895,23;67;3988;78301;13,36
Instagram Ads;Institucional;03/08/2022;2022;8;ago;quarta-feira;810,84;59;781;24498;13,74
Google Search;Promocional;04/08/2022;2022;8;ago;quinta-feira;1218,63;36;4205;82964;33,85
Facebook Ads;Promocional;05/08/2022;2022;8;ago;sexta-feira;835,98;44;9896;27968;19
Facebook Ads;Promocional;06/08/2022;2022;8;ago;sábado;1227,77;85;3561;11998;14,44
LinkedIn Ads;Institucional;07/08/2022;2022;8;ago;domingo;1315,2;72;4154;26999;18,27
LinkedIn Ads;Promocional;08/08/2022;2022;8;ago;segunda-feira;717,66;38;9289;82491;18,89
Google Search;Promocional;09/08/2022;2022;8;ago;terça-feira;1473,82;42;2609;24541;35,09
Instagram Ads;Institucional;10/08/2022;2022;8;ago;quarta-feira;662,36;97;4369;10228;6,83
Instagram Ads;Promocional;11/08/2022;2022;8;ago;quinta-feira;790,84;36;8497;97244;21,97
Instagram Ads;Promocional;12/08/2022;2022;8;ago;sexta-feira;679,8;68;9305;60704;10
Instagram Ads;Promocional;13/08/2022;2022;8;ago;sábado;845,51;91;3001;31561;9,29
Google Search;Institucional;14/08/2022;2022;8;ago;domingo;980,06;13;4810;62741;75,39
Google Search;Promocional;15/08/2022;2022;8;ago;segunda-feira;1022,18;13;2906;13041;78,63
Google Search;Institucional;16/08/2022;2022;8;ago;terça-feira;1353,61;41;7437;67055;33,01
LinkedIn Ads;Promocional;17/08/2022;2022;8;ago;quarta-feira;1389,45;72;4961;82712;19,3
Google Search;Promocional;18/08/2022;2022;8;ago;quinta-feira;720,1;6;2541;86833;120,02
Google Search;Institucional;19/08/2022;2022;8;ago;sexta-feira;1122,89;94;6401;61510;11,95
LinkedIn Ads;Institucional;20/08/2022;2022;8;ago;sábado;611,5;12;5600;19536;50,96
LinkedIn Ads;Promocional;21/08/2022;2022;8;ago;domingo;958,97;98;838;53424;9,79
Instagram Ads;Promocional;22/08/2022;2022;8;ago;segunda-feira;822,33;3;3362;94447;274,11
Instagram Ads;Promocional;23/08/2022;2022;8;ago;terça-feira;816,5;16;6702;67090;51,03
LinkedIn Ads;Institucional;24/08/2022;2022;8;ago;quarta-feira;982,58;5;6490;14586;196,52
Facebook Ads;Promocional;25/08/2022;2022;8;ago;quinta-feira;1229,83;40;9702;93664;30,75
Instagram Ads;Institucional;26/08/2022;2022;8;ago;sexta-feira;569,18;55;8849;95826;10,35
LinkedIn Ads;Institucional;27/08/2022;2022;8;ago;sábado;1379,17;29;5388;68311;47,56
Facebook Ads;Promocional;28/08/2022;2022;8;ago;domingo;1234,81;53;9588;83445;23,3
Instagram Ads;Institucional;29/08/2022;2022;8;ago;segunda-feira;676,5;22;9127;51005;30,75
Instagram Ads;Promocional;30/08/2022;2022;8;ago;terça-feira;1439,16;23;6000;11684;62,57
Google Search;Institucional;31/08/2022;2022;8;ago;quarta-feira;1006,31;36;4023;36304;27,95
LinkedIn Ads;Promocional;01/09/2022;2022;9;set;quinta-feira;1499,81;59;6809;80105;25,42
Instagram Ads;Institucional;02/09/2022;2022;9;set;sexta-feira;697,26;34;8508;43560;20,51
Facebook Ads;Institucional;03/09/2022;2022;9;set;sábado;1034,91;70;998;18803;14,78
Google Search;Institucional;04/09/2022;2022;9;set;domingo;790,25;6;7268;85070;131,71
Google Search;Institucional;05/09/2022;2022;9;set;segunda-feira;804,17;88;7782;85870;9,14
Instagram Ads;Institucional;06/09/2022;2022;9;set;terça-feira;1091,07;76;7895;86002;14,36
LinkedIn Ads;Institucional;07/09/2022;2022;9;set;quarta-feira;1421,72;17;6735;91813;83,63
Google Search;Promocional;08/09/2022;2022;9;set;quinta-feira;1305,26;95;5383;60065;13,74
Facebook Ads;Institucional;09/09/2022;2022;9;set;sexta-feira;1223,94;48;5954;95887;25,5
Facebook Ads;Promocional;10/09/2022;2022;9;set;sábado;1059,17;37;1300;49683;28,63
Facebook Ads;Institucional;11/09/2022;2022;9;set;domingo;1422,3;0;8669;85925;0
Facebook Ads;Institucional;12/09/2022;2022;9;set;segunda-feira;992,36;74;288;43467;13,41
LinkedIn Ads;Institucional;13/09/2022;2022;9;set;terça-feira;1373,83;4;3475;10646;343,46
Google Search;Promocional;14/09/2022;2022;9;set;quarta-feira;1333,98;95;6124;93645;14,04
Facebook Ads;Institucional;15/09/2022;2022;9;set;quinta-feira;713,84;60;3052;96739;11,9
Facebook Ads;Promocional;16/09/2022;2022;9;set;sexta-feira;1271,23;10;3606;95014;127,12
LinkedIn Ads;Promocional;17/09/2022;2022;9;set;sábado;512,17;29;86;97116;17,66
Facebook Ads;Promocional;18/09/2022;2022;9;set;domingo;822,83;97;2540;61918;8,48
Instagram Ads;Institucional;19/09/2022;2022;9;set;segunda-feira;729,57;13;6373;54012;56,12
LinkedIn Ads;Promocional;20/09/2022;2022;9;set;terça-feira;1006,86;19;6716;45881;52,99
Instagram Ads;Institucional;21/09/2022;2022;9;set;quarta-feira;1236,85;41;6818;40375;30,17
LinkedIn Ads;Institucional;22/09/2022;2022;9;set;quinta-feira;597,68;76;8765;67077;7,86
Google Search;Promocional;23/09/2022;2022;9;set;sexta-feira;1014,92;44;9142;85210;23,07
